시도,시군구,읍면동
강원도,삼척시,가곡면
강원도,화천군,간동면
강원도,고성군,간성읍
강원도,철원군,갈말읍
강원도,횡성군,갑천면
강원도,춘천시,강남동
강원도,강릉시,강남동
강원도,강릉시,강동면
강원도,횡성군,강림면
강원도,양양군,강현면
강원도,원주시,개운동
강원도,고성군,거진읍
강원도,강릉시,경포동
강원도,정선군,고한읍
강원도,횡성군,공근면
강원도,강릉시,교1동
강원도,강릉시,교2동
강원도,춘천시,교동
강원도,속초시,교동
강원도,삼척시,교동
강원도,태백시,구문소동
강원도,강릉시,구정면
강원도,원주시,귀래면
강원도,철원군,근남면
강원도,삼척시,근덕면
강원도,철원군,근북면
강원도,춘천시,근화동
강원도,속초시,금호동
강원도,인제군,기린면
강원도,영월군,김삿갓면
강원도,철원군,김화읍
강원도,양구군,남면
강원도,춘천시,남면
강원도,인제군,남면
강원도,정선군,남면
강원도,영월군,남면
강원도,홍천군,남면
강원도,춘천시,남산면
강원도,삼척시,남양동
강원도,강릉시,내곡동
강원도,홍천군,내면
강원도,홍천군,내촌면
강원도,삼척시,노곡면
강원도,속초시,노학동
강원도,원주시,단계동
강원도,원주시,단구동
강원도,평창군,대관령면
강원도,속초시,대포동
강원도,평창군,대화면
강원도,삼척시,도계읍
강원도,춘천시,동내면
강원도,춘천시,동면
강원도,홍천군,동면
강원도,양구군,동면
강원도,속초시,동명동
강원도,춘천시,동산면
강원도,철원군,동송읍
강원도,동해시,동호동
강원도,홍천군,두촌면
강원도,횡성군,둔내면
강원도,동해시,망상동
강원도,원주시,명륜1동
강원도,원주시,명륜2동
강원도,영월군,무릉도원면
강원도,원주시,무실동
강원도,동해시,묵호동
강원도,태백시,문곡소도동
강원도,원주시,문막읍
강원도,삼척시,미로면
강원도,평창군,미탄면
강원도,원주시,반곡관설동
강원도,동해시,발한동
강원도,평창군,방림면
강원도,양구군,방산면
강원도,원주시,봉산동
강원도,평창군,봉평면
강원도,동해시,부곡동
강원도,원주시,부론면
강원도,영월군,북면
강원도,인제군,북면
강원도,홍천군,북방면
강원도,춘천시,북산면
강원도,동해시,북삼동
강원도,동해시,북평동
강원도,정선군,북평면
강원도,화천군,사내면
강원도,춘천시,사북면
강원도,정선군,사북읍
강원도,강릉시,사천면
강원도,태백시,삼수동
강원도,동해시,삼화동
강원도,인제군,상남면
강원도,영월군,상동읍
강원도,화천군,상서면
강원도,태백시,상장동
강원도,양양군,서면
강원도,홍천군,서면
강원도,춘천시,서면
강원도,철원군,서면
강원도,홍천군,서석면
강원도,횡성군,서원면
강원도,인제군,서화면
강원도,춘천시,석사동
강원도,삼척시,성내동
강원도,강릉시,성덕동
강원도,강릉시,성산면
강원도,춘천시,소양동
강원도,원주시,소초면
강원도,양양군,손양면
강원도,강릉시,송정동
강원도,동해시,송정동
강원도,삼척시,신기면
강원도,춘천시,신동면
강원도,정선군,신동읍
강원도,원주시,신림면
강원도,춘천시,신북읍
강원도,춘천시,신사우동
강원도,횡성군,안흥면
강원도,춘천시,약사명동
강원도,양구군,양구읍
강원도,양양군,양양읍
강원도,정선군,여량면
강원도,강릉시,연곡면
강원도,속초시,영랑동
강원도,영월군,영월읍
강원도,강릉시,옥계면
강원도,강릉시,옥천동
강원도,강릉시,왕산면
강원도,평창군,용평면
강원도,원주시,우산동
강원도,횡성군,우천면
강원도,삼척시,원덕읍
강원도,원주시,원인동
강원도,인제군,인제읍
강원도,원주시,일산동
강원도,정선군,임계면
강원도,태백시,장성동
강원도,삼척시,정라동
강원도,정선군,정선읍
강원도,속초시,조양동
강원도,춘천시,조운동
강원도,강릉시,주문진읍
강원도,영월군,주천면
강원도,고성군,죽왕면
강원도,영월군,중동면
강원도,원주시,중앙동
강원도,강릉시,중앙동
강원도,원주시,지정면
강원도,평창군,진부면
강원도,동해시,천곡동
강원도,태백시,철암동
강원도,철원군,철원읍
강원도,횡성군,청일면
강원도,속초시,청호동
강원도,강릉시,초당동
강원도,원주시,태장1동
강원도,원주시,태장2동
강원도,고성군,토성면
강원도,춘천시,퇴계동
강원도,원주시,판부면
강원도,평창군,평창읍
강원도,강릉시,포남1동
강원도,강릉시,포남2동
강원도,화천군,하남면
강원도,삼척시,하장면
강원도,원주시,학성동
강원도,영월군,한반도면
강원도,양구군,해안면
강원도,원주시,행구동
강원도,양양군,현남면
강원도,고성군,현내면
강원도,양양군,현북면
강원도,원주시,호저면
강원도,강릉시,홍제동
강원도,홍천군,홍천읍
강원도,정선군,화암면
강원도,화천군,화천읍
강원도,홍천군,화촌면
강원도,태백시,황연동
강원도,태백시,황지동
강원도,횡성군,횡성읍
강원도,춘천시,효자1동
강원도,춘천시,효자2동
강원도,춘천시,효자3동
강원도,춘천시,후평1동
강원도,춘천시,후평2동
강원도,춘천시,후평3동
강원도,원주시,흥업면
경기도,여주시,가남읍
경기도,의정부시,가능동
경기도,포천시,가산면
경기도,가평군,가평읍
경기도,구리시,갈매동
경기도,동안구,갈산동
경기도,과천시,갈현동
경기도,하남시,감북동
경기도,하남시,감일동
경기도,양평군,강상면
경기도,여주시,강천면
경기도,양평군,강하면
경기도,양평군,개군면
경기도,광주시,경안동
경기도,평택시,고덕면
경기도,팔달구,고등동
경기도,수정구,고등동
경기도,일산동구,고봉동
경기도,안성시,고삼면
경기도,덕양구,고양동
경기도,단원구,고잔동
경기도,의왕시,고천동
경기도,김포시,고촌읍
경기도,권선구,곡선동
경기도,광주시,곤지암읍
경기도,안성시,공도읍
경기도,시흥시,과림동
경기도,과천시,과천동
경기도,이천시,관고동
경기도,덕양구,관산동
경기도,동안구,관양1동
경기도,동안구,관양2동
경기도,포천시,관인면
경기도,영통구,광교1동
경기도,영통구,광교2동
경기도,광주시,광남동
경기도,광명시,광명1동
경기도,광명시,광명2동
경기도,광명시,광명3동
경기도,광명시,광명4동
경기도,광명시,광명5동
경기도,광명시,광명6동
경기도,광명시,광명7동
경기도,양주시,광적면
경기도,군포시,광정동
경기도,파주시,광탄면
경기도,구리시,교문1동
경기도,구리시,교문2동
경기도,파주시,교하동
경기도,기흥구,구갈동
경기도,김포시,구래동
경기도,분당구,구미1동
경기도,분당구,구미동
경기도,기흥구,구성동
경기도,권선구,구운동
경기도,연천군,군남면
경기도,포천시,군내면
경기도,파주시,군내면
경기도,시흥시,군자동
경기도,군포시,군포1동
경기도,군포시,군포2동
경기도,군포시,궁내동
경기도,권선구,권선1동
경기도,권선구,권선2동
경기도,동안구,귀인동
경기도,권선구,금곡동
경기도,분당구,금곡동
경기도,남양주시,금곡동
경기도,중원구,금광1동
경기도,중원구,금광2동
경기도,안성시,금광면
경기도,여주시,금사면
경기도,군포시,금정동
경기도,파주시,금촌1동
경기도,파주시,금촌2동
경기도,파주시,금촌3동
경기도,화성시,기배동
경기도,기흥구,기흥동
경기도,김포시,김포본동
경기도,양주시,남면
경기도,용인시 처인구,남사면
경기도,처인구,남사면
경기도,화성시,남양읍
경기도,광주시,남종면
경기도,오산시,남촌동
경기도,광주시,남한산성면
경기도,의왕시,내손1동
경기도,의왕시,내손2동
경기도,포천시,내촌면
경기도,의정부시,녹양동
경기도,덕양구,능곡동
경기도,시흥시,능곡동
경기도,여주시,능서면
경기도,남양주시,다산1동
경기도,남양주시,다산2동
경기도,수정구,단대동
경기도,양평군,단월면
경기도,동안구,달안동
경기도,김포시,대곶면
경기도,덕양구,대덕동
경기도,안성시,대덕면
경기도,단원구,대부동
경기도,부천시,대산동
경기도,여주시,대신면
경기도,시흥시,대야동
경기도,군포시,대야동
경기도,오산시,대원동
경기도,이천시,대월면
경기도,일산서구,대화동
경기도,하남시,덕풍1동
경기도,하남시,덕풍2동
경기도,하남시,덕풍3동
경기도,광주시,도척면
경기도,중원구,도촌동
경기도,구리시,동구동
경기도,기흥구,동백1동
경기도,기흥구,동백2동
경기도,기흥구,동백3동
경기도,처인구,동부동
경기도,수지구,동천동
경기도,화성시,동탄1동
경기도,화성시,동탄2동
경기도,화성시,동탄3동
경기도,화성시,동탄4동
경기도,화성시,동탄5동
경기도,화성시,동탄6동
경기도,화성시,동탄7동
경기도,화성시,동탄8동
경기도,화성시,마도면
경기도,일산동구,마두1동
경기도,일산동구,마두2동
경기도,기흥구,마북동
경기도,김포시,마산동
경기도,이천시,마장면
경기도,영통구,망포1동
경기도,영통구,망포2동
경기도,팔달구,매교동
경기도,팔달구,매산동
경기도,화성시,매송면
경기도,영통구,매탄1동
경기도,영통구,매탄2동
경기도,영통구,매탄3동
경기도,영통구,매탄4동
경기도,시흥시,매화동
경기도,이천시,모가면
경기도,용인시 처인구,모현읍
경기도,처인구,모현읍
경기도,시흥시,목감동
경기도,파주시,문산읍
경기도,과천시,문원동
경기도,하남시,미사1동
경기도,하남시,미사2동
경기도,연천군,미산면
경기도,안성시,미양면
경기도,만안구,박달1동
경기도,만안구,박달2동
경기도,상록구,반월동
경기도,화성시,반월동
경기도,시흥시,배곧동
경기도,이천시,백사면
경기도,일산동구,백석1동
경기도,일산동구,백석2동
경기도,양주시,백석읍
경기도,용인시 처인구,백암면
경기도,처인구,백암면
경기도,단원구,백운동
경기도,연천군,백학면
경기도,분당구,백현동
경기도,동안구,범계동
경기도,부천시,범안동
경기도,파주시,법원읍
경기도,남양주시,별내동
경기도,남양주시,별내면
경기도,과천시,별양동
경기도,화성시,병점1동
경기도,화성시,병점2동
경기도,안성시,보개면
경기도,기흥구,보라동
경기도,동두천시,보산동
경기도,기흥구,보정동
경기도,수정구,복정동
경기도,상록구,본오1동
경기도,상록구,본오2동
경기도,상록구,본오3동
경기도,화성시,봉담읍
경기도,상록구,부곡동
경기도,의왕시,부곡동
경기도,동안구,부림동
경기도,과천시,부림동
경기도,이천시,부발읍
경기도,부천시,부천동
경기도,동안구,부흥동
경기도,여주시,북내면
경기도,가평군,북면
경기도,분당구,분당동
경기도,동두천시,불현동
경기도,화성시,비봉면
경기도,동안구,비산1동
경기도,동안구,비산2동
경기도,동안구,비산3동
경기도,평택시,비전1동
경기도,평택시,비전2동
경기도,상록구,사동
경기도,김포시,사우동
경기도,상록구,사이동
경기도,군포시,산본1동
경기도,군포시,산본2동
경기도,여주시,산북면
경기도,수정구,산성동
경기도,시흥시,산현동
경기도,덕양구,삼송동
경기도,안성시,삼죽면
경기도,분당구,삼평동
경기도,기흥구,상갈동
경기도,중원구,상대원1동
경기도,중원구,상대원2동
경기도,중원구,상대원3동
경기도,부천시,상동
경기도,가평군,상면
경기도,동두천시,상패동
경기도,기흥구,상하동
경기도,수지구,상현1동
경기도,수지구,상현2동
경기도,화성시,새솔동
경기도,동두천시,생연1동
경기도,동두천시,생연2동
경기도,기흥구,서농동
경기도,권선구,서둔동
경기도,화성시,서신면
경기도,안성시,서운면
경기도,평택시,서정동
경기도,양평군,서종면
경기도,평택시,서탄면
경기도,분당구,서현1동
경기도,분당구,서현2동
경기도,만안구,석수1동
경기도,만안구,석수2동
경기도,만안구,석수3동
경기도,포천시,선단동
경기도,단원구,선부1동
경기도,단원구,선부2동
경기도,단원구,선부3동
경기도,이천시,설성면
경기도,가평군,설악면
경기도,부천시,성곡동
경기도,중원구,성남동
경기도,수지구,성복동
경기도,덕양구,성사1동
경기도,덕양구,성사2동
경기도,상록구,성포동
경기도,평택시,세교동
경기도,권선구,세류1동
경기도,권선구,세류2동
경기도,권선구,세류3동
경기도,오산시,세마동
경기도,부천시,소사본동
경기도,동두천시,소요동
경기도,광명시,소하1동
경기도,광명시,소하2동
경기도,포천시,소흘읍
경기도,동두천시,송내동
경기도,평택시,송북동
경기도,의정부시,송산1동
경기도,의정부시,송산2동
경기도,의정부시,송산3동
경기도,일산서구,송산동
경기도,화성시,송산면
경기도,광주시,송정동
경기도,장안구,송죽동
경기도,평택시,송탄동
경기도,일산서구,송포동
경기도,분당구,수내1동
경기도,분당구,수내2동
경기도,분당구,수내3동
경기도,남양주시,수동면
경기도,군포시,수리동
경기도,수정구,수진1동
경기도,수정구,수진2동
경기도,구리시,수택1동
경기도,구리시,수택2동
경기도,구리시,수택3동
경기도,수정구,시흥동
경기도,일산동구,식사동
경기도,기흥구,신갈동
경기도,의정부시,신곡1동
경기도,의정부시,신곡2동
경기도,단원구,신길동
경기도,이천시,신둔면
경기도,수지구,신봉동
경기도,포천시,신북면
경기도,연천군,신서면
경기도,평택시,신장1동
경기도,하남시,신장1동
경기도,평택시,신장2동
경기도,하남시,신장2동
경기도,오산시,신장동
경기도,부천시,신중동
경기도,시흥시,신천동
경기도,수정구,신촌동
경기도,동안구,신촌동
경기도,평택시,신평동
경기도,시흥시,신현동
경기도,수정구,신흥1동
경기도,수정구,신흥2동
경기도,수정구,신흥3동
경기도,부천시,심곡동
경기도,상록구,안산동
경기도,안성시,안성1동
경기도,안성시,안성2동
경기도,안성시,안성3동
경기도,만안구,안양1동
경기도,만안구,안양2동
경기도,만안구,안양3동
경기도,만안구,안양4동
경기도,만안구,안양5동
경기도,만안구,안양6동
경기도,만안구,안양7동
경기도,만안구,안양8동
경기도,만안구,안양9동
경기도,평택시,안중읍
경기도,분당구,야탑1동
경기도,분당구,야탑2동
경기도,분당구,야탑3동
경기도,화성시,양감면
경기도,양평군,양동면
경기도,양평군,양서면
경기도,안성시,양성면
경기도,남양주시,양정동
경기도,양주시,양주1동
경기도,양주시,양주2동
경기도,수정구,양지동
경기도,용인시 처인구,양지면
경기도,처인구,양지면
경기도,김포시,양촌읍
경기도,양평군,양평읍
경기도,여주시,여흥동
경기도,처인구,역삼동
경기도,장안구,연무동
경기도,시흥시,연성동
경기도,연천군,연천읍
경기도,기흥구,영덕1동
경기도,기흥구,영덕2동
경기도,포천시,영북면
경기도,포천시,영중면
경기도,영통구,영통1동
경기도,영통구,영통2동
경기도,영통구,영통3동
경기도,장안구,영화동
경기도,군포시,오금동
경기도,남양주시,오남읍
경기도,평택시,오성면
경기도,의왕시,오전동
경기도,부천시,오정동
경기도,광주시,오포읍
경기도,여주시,오학동
경기도,양평군,옥천면
경기도,단원구,와동
경기도,남양주시,와부읍
경기도,연천군,왕징면
경기도,양평군,용문면
경기도,평택시,용이동
경기도,팔달구,우만1동
경기도,팔달구,우만2동
경기도,화성시,우정읍
경기도,김포시,운양동
경기도,파주시,운정1동
경기도,파주시,운정2동
경기도,파주시,운정3동
경기도,분당구,운중동
경기도,단원구,원곡동
경기도,안성시,원곡면
경기도,용인시 처인구,원삼면
경기도,처인구,원삼면
경기도,덕양구,원신동
경기도,영통구,원천동
경기도,평택시,원평동
경기도,시흥시,월곶동
경기도,김포시,월곶면
경기도,파주시,월롱면
경기도,상록구,월피동
경기도,수정구,위례동
경기도,하남시,위례동
경기도,처인구,유림동
경기도,이천시,율면
경기도,장안구,율천동
경기도,중원구,은행1동
경기도,중원구,은행2동
경기도,시흥시,은행동
경기도,양주시,은현면
경기도,의정부시,의정부1동
경기도,의정부시,의정부2동
경기도,상록구,이동
경기도,포천시,이동면
경기도,용인시 처인구,이동읍
경기도,처인구,이동읍
경기도,분당구,이매1동
경기도,분당구,이매2동
경기도,팔달구,인계동
경기도,구리시,인창동
경기도,상록구,일동
경기도,포천시,일동면
경기도,일산서구,일산1동
경기도,일산서구,일산2동
경기도,일산서구,일산3동
경기도,안성시,일죽면
경기도,권선구,입북동
경기도,의정부시,자금동
경기도,시흥시,장곡동
경기도,김포시,장기동
경기도,김포시,장기본동
경기도,연천군,장남면
경기도,파주시,장단면
경기도,화성시,장안면
경기도,의정부시,장암동
경기도,일산동구,장항1동
경기도,일산동구,장항2동
경기도,이천시,장호원읍
경기도,양주시,장흥면
경기도,군포시,재궁동
경기도,파주시,적성면
경기도,연천군,전곡읍
경기도,여주시,점동면
경기도,화성시,정남면
경기도,일산동구,정발산동
경기도,시흥시,정왕동
경기도,시흥시,정왕본동
경기도,장안구,정자1동
경기도,분당구,정자1동
경기도,장안구,정자2동
경기도,분당구,정자2동
경기도,장안구,정자3동
경기도,분당구,정자3동
경기도,분당구,정자동
경기도,파주시,조리읍
경기도,남양주시,조안면
경기도,장안구,조원1동
경기도,장안구,조원2동
경기도,가평군,조종면
경기도,덕양구,주교동
경기도,일산서구,주엽1동
경기도,일산서구,주엽2동
경기도,안성시,죽산면
경기도,수지구,죽전1동
경기도,수지구,죽전2동
경기도,부천시,중동
경기도,이천시,중리동
경기도,연천군,중면
경기도,일산동구,중산동
경기도,중원구,중앙동
경기도,평택시,중앙동
경기도,동두천시,중앙동
경기도,단원구,중앙동
경기도,과천시,중앙동
경기도,오산시,중앙동
경기도,처인구,중앙동
경기도,여주시,중앙동
경기도,이천시,증포동
경기도,팔달구,지동
경기도,평택시,지산동
경기도,양평군,지평면
경기도,남양주시,진건읍
경기도,파주시,진동면
경기도,파주시,진서면
경기도,화성시,진안동
경기도,평택시,진위면
경기도,남양주시,진접읍
경기도,덕양구,창릉동
경기도,포천시,창수면
경기도,이천시,창전동
경기도,하남시,천현동
경기도,광명시,철산1동
경기도,광명시,철산2동
경기도,광명시,철산3동
경기도,광명시,철산4동
경기도,의왕시,청계동
경기도,평택시,청북읍
경기도,연천군,청산면
경기도,양평군,청운면
경기도,가평군,청평면
경기도,광주시,초월읍
경기도,하남시,초이동
경기도,단원구,초지동
경기도,오산시,초평동
경기도,하남시,춘궁동
경기도,일산서구,탄현동
경기도,파주시,탄현면
경기도,수정구,태평1동
경기도,수정구,태평2동
경기도,수정구,태평3동
경기도,수정구,태평4동
경기도,평택시,통복동
경기도,김포시,통진읍
경기도,남양주시,퇴계원읍
경기도,광주시,퇴촌면
경기도,장안구,파장동
경기도,파주시,파주읍
경기도,파주시,파평면
경기도,분당구,판교동
경기도,화성시,팔탄면
경기도,평택시,팽성읍
경기도,남양주시,평내동
경기도,권선구,평동
경기도,동안구,평안동
경기도,동안구,평촌동
경기도,용인시 처인구,포곡읍
경기도,처인구,포곡읍
경기도,평택시,포승읍
경기도,포천시,포천동
경기도,수지구,풍덕천1동
경기도,수지구,풍덕천2동
경기도,김포시,풍무동
경기도,일산동구,풍산동
경기도,하남시,풍산동
경기도,중원구,하대원동
경기도,김포시,하성면
경기도,광명시,하안1동
경기도,광명시,하안2동
경기도,광명시,하안3동
경기도,광명시,하안4동
경기도,광명시,학온동
경기도,상록구,해양동
경기도,팔달구,행궁동
경기도,덕양구,행신1동
경기도,덕양구,행신2동
경기도,덕양구,행신3동
경기도,덕양구,행주동
경기도,화성시,향남읍
경기도,평택시,현덕면
경기도,동안구,호계1동
경기도,동안구,호계2동
경기도,동안구,호계3동
경기도,권선구,호매실동
경기도,이천시,호법면
경기도,단원구,호수동
경기도,의정부시,호원1동
경기도,의정부시,호원2동
경기도,남양주시,호평동
경기도,남양주시,화도읍
경기도,화성시,화산동
경기도,팔달구,화서1동
경기도,팔달구,화서2동
경기도,덕양구,화전동
경기도,덕양구,화정1동
경기도,덕양구,화정2동
경기도,포천시,화현면
경기도,양주시,회천1동
경기도,양주시,회천2동
경기도,양주시,회천3동
경기도,양주시,회천4동
경기도,덕양구,효자동
경기도,덕양구,흥도동
경기도,의정부시,흥선동
경기도,여주시,흥천면
경상남도,밀양시,가곡동
경상남도,의령군,가례면
경상남도,거창군,가북면
경상남도,합천군,가야면
경상남도,함안군,가야읍
경상남도,성산구,가음정동
경상남도,거창군,가조면
경상남도,마산합포구,가포동
경상남도,진주시,가호동
경상남도,합천군,가회면
경상남도,양산시,강서동
경상남도,고성군,개천면
경상남도,고성군,거류면
경상남도,거제시,거제면
경상남도,거창군,거창읍
경상남도,진해구,경화동
경상남도,창녕군,계성면
경상남도,고성군,고성읍
경상남도,창녕군,고암면
경상남도,하동군,고전면
경상남도,거창군,고제면
경상남도,거제시,고현동
경상남도,남해군,고현면
경상남도,사천시,곤명면
경상남도,사천시,곤양면
경상남도,통영시,광도면
경상남도,밀양시,교동
경상남도,마산합포구,교방동
경상남도,고성군,구만면
경상남도,창원시 마산합포구,구산면
경상남도,마산합포구,구산면
경상남도,마산회원구,구암1동
경상남도,마산회원구,구암2동
경상남도,함안군,군북면
경상남도,의령군,궁류면
경상남도,진주시,금곡면
경상남도,하동군,금남면
경상남도,진주시,금산면
경상남도,산청군,금서면
경상남도,하동군,금성면
경상남도,창녕군,길곡면
경상남도,의령군,낙서면
경상남도,남해군,남면
경상남도,거제시,남부면
경상남도,거창군,남상면
경상남도,사천시,남양동
경상남도,창녕군,남지읍
경상남도,거창군,남하면
경상남도,남해군,남해읍
경상남도,진주시,내동면
경상남도,창원시 마산회원구,내서읍
경상남도,마산회원구,내서읍
경상남도,김해시,내외동
경상남도,밀양시,내이동
경상남도,밀양시,내일동
경상남도,거제시,능포동
경상남도,산청군,단성면
경상남도,밀양시,단장면
경상남도,고성군,대가면
경상남도,진주시,대곡면
경상남도,김해시,대동면
경상남도,합천군,대병면
경상남도,창원시 의창구,대산면
경상남도,함안군,대산면
경상남도,의창구,대산면
경상남도,합천군,대양면
경상남도,의령군,대의면
경상남도,창녕군,대지면
경상남도,진주시,대평면
경상남도,창녕군,대합면
경상남도,양산시,덕계동
경상남도,합천군,덕곡면
경상남도,진해구,덕산동
경상남도,통영시,도산면
경상남도,통영시,도천동
경상남도,창녕군,도천면
경상남도,양산시,동면
경상남도,거제시,동부면
경상남도,김해시,동상동
경상남도,사천시,동서금동
경상남도,사천시,동서동
경상남도,창원시 의창구,동읍
경상남도,의창구,동읍
경상남도,고성군,동해면
경상남도,거제시,둔덕면
경상남도,거창군,마리면
경상남도,고성군,마암면
경상남도,함양군,마천면
경상남도,의창구,명곡동
경상남도,진주시,명석면
경상남도,통영시,명정동
경상남도,합천군,묘산면
경상남도,밀양시,무안면
경상남도,통영시,무전동
경상남도,진주시,문산읍
경상남도,마산합포구,문화동
경상남도,양산시,물금읍
경상남도,통영시,미수동
경상남도,남해군,미조면
경상남도,진주시,미천면
경상남도,성산구,반송동
경상남도,마산합포구,반월중앙동
경상남도,함양군,백전면
경상남도,사천시,벌용동
경상남도,함안군,법수면
경상남도,함양군,병곡면
경상남도,진해구,병암동
경상남도,의창구,봉림동
경상남도,합천군,봉산면
경상남도,의령군,봉수면
경상남도,마산회원구,봉암동
경상남도,통영시,봉평동
경상남도,창녕군,부곡면
경상남도,의령군,부림면
경상남도,밀양시,부북면
경상남도,김해시,부원동
경상남도,창원시 의창구,북면
경상남도,의창구,북면
경상남도,김해시,북부동
경상남도,거창군,북상면
경상남도,통영시,북신동
경상남도,하동군,북천면
경상남도,김해시,불암동
경상남도,사천시,사남면
경상남도,거제시,사등면
경상남도,통영시,사량면
경상남도,진주시,사봉면
경상남도,사천시,사천읍
경상남도,성산구,사파동
경상남도,밀양시,산내면
경상남도,통영시,산양읍
경상남도,밀양시,산외면
경상남도,함안군,산인면
경상남도,산청군,산청읍
경상남도,마산합포구,산호동
경상남도,합천군,삼가면
경상남도,남해군,삼동면
경상남도,밀양시,삼랑진읍
경상남도,밀양시,삼문동
경상남도,고성군,삼산면
경상남도,양산시,삼성동
경상남도,김해시,삼안동
경상남도,산청군,삼장면
경상남도,성산구,상남동
경상남도,밀양시,상남면
경상남도,진주시,상대동
경상남도,밀양시,상동면
경상남도,김해시,상동면
경상남도,고성군,상리면
경상남도,거제시,상문동
경상남도,진주시,상봉동
경상남도,양산시,상북면
경상남도,남해군,상주면
경상남도,진주시,상평동
경상남도,김해시,생림면
경상남도,산청군,생비량면
경상남도,산청군,생초면
경상남도,남해군,서면
경상남도,함양군,서상면
경상남도,양산시,서창동
경상남도,사천시,서포면
경상남도,함양군,서하면
경상남도,진해구,석동
경상남도,마산회원구,석전동
경상남도,사천시,선구동
경상남도,남해군,설천면
경상남도,진주시,성북동
경상남도,창녕군,성산면
경상남도,성산구,성주동
경상남도,양산시,소주동
경상남도,진주시,수곡면
경상남도,함양군,수동면
경상남도,거제시,수양동
경상남도,산청군,시천면
경상남도,산청군,신등면
경상남도,진주시,신안동
경상남도,산청군,신안면
경상남도,거창군,신원면
경상남도,합천군,쌍백면
경상남도,합천군,쌍책면
경상남도,거제시,아주동
경상남도,하동군,악양면
경상남도,함양군,안의면
경상남도,합천군,야로면
경상남도,마산회원구,양덕1동
경상남도,마산회원구,양덕2동
경상남도,하동군,양보면
경상남도,양산시,양주동
경상남도,진해구,여좌동
경상남도,함안군,여항면
경상남도,거제시,연초면
경상남도,창녕군,영산면
경상남도,고성군,영오면
경상남도,고성군,영현면
경상남도,마산합포구,오동동
경상남도,산청군,오부면
경상남도,하동군,옥종면
경상남도,거제시,옥포1동
경상남도,거제시,옥포2동
경상남도,마산합포구,완월동
경상남도,통영시,욕지면
경상남도,통영시,용남면
경상남도,의령군,용덕면
경상남도,합천군,용주면
경상남도,의창구,용지동
경상남도,사천시,용현면
경상남도,성산구,웅남동
경상남도,진해구,웅동1동
경상남도,진해구,웅동2동
경상남도,거창군,웅양면
경상남도,진해구,웅천동
경상남도,양산시,원동면
경상남도,마산합포구,월영동
경상남도,거창군,위천면
경상남도,의령군,유곡면
경상남도,함양군,유림면
경상남도,창녕군,유어면
경상남도,합천군,율곡면
경상남도,의령군,의령읍
경상남도,의창구,의창동
경상남도,진해구,이동
경상남도,남해군,이동면
경상남도,진주시,이반성면
경상남도,창녕군,이방면
경상남도,진주시,이현동
경상남도,진주시,일반성면
경상남도,거제시,일운면
경상남도,마산합포구,자산동
경상남도,진해구,자은동
경상남도,창녕군,장마면
경상남도,거제시,장목면
경상남도,거제시,장승포동
경상남도,김해시,장유1동
경상남도,김해시,장유2동
경상남도,김해시,장유3동
경상남도,거제시,장평동
경상남도,하동군,적량면
경상남도,합천군,적중면
경상남도,의령군,정곡면
경상남도,사천시,정동면
경상남도,통영시,정량동
경상남도,진주시,정촌면
경상남도,거창군,주상면
경상남도,김해시,주촌면
경상남도,성산구,중앙동
경상남도,진주시,중앙동
경상남도,통영시,중앙동
경상남도,양산시,중앙동
경상남도,함양군,지곡면
경상남도,진주시,지수면
경상남도,의령군,지정면
경상남도,하동군,진교면
경상남도,창원시 마산합포구,진동면
경상남도,마산합포구,진동면
경상남도,김해시,진례면
경상남도,창원시 마산합포구,진북면
경상남도,마산합포구,진북면
경상남도,진주시,진성면
경상남도,김해시,진영읍
경상남도,창원시 마산합포구,진전면
경상남도,마산합포구,진전면
경상남도,진주시,집현면
경상남도,산청군,차황면
경상남도,창녕군,창녕읍
경상남도,남해군,창선면
경상남도,진주시,천전동
경상남도,합천군,청덕면
경상남도,밀양시,청도면
경상남도,하동군,청암면
경상남도,합천군,초계면
경상남도,밀양시,초동면
경상남도,진주시,초장동
경상남도,사천시,축동면
경상남도,진주시,충무공동
경상남도,진해구,충무동
경상남도,의령군,칠곡면
경상남도,함안군,칠북면
경상남도,김해시,칠산서부동
경상남도,함안군,칠서면
경상남도,함안군,칠원읍
경상남도,진해구,태백동
경상남도,진주시,판문동
경상남도,의창구,팔룡동
경상남도,진주시,평거동
경상남도,양산시,평산동
경상남도,진해구,풍호동
경상남도,밀양시,하남읍
경상남도,진주시,하대동
경상남도,하동군,하동읍
경상남도,양산시,하북면
경상남도,고성군,하이면
경상남도,고성군,하일면
경상남도,거제시,하청면
경상남도,김해시,한림면
경상남도,통영시,한산면
경상남도,함안군,함안면
경상남도,함양군,함양읍
경상남도,마산회원구,합성1동
경상남도,마산회원구,합성2동
경상남도,합천군,합천읍
경상남도,마산합포구,합포동
경상남도,사천시,향촌동
경상남도,마산합포구,현동
경상남도,하동군,화개면
경상남도,의령군,화정면
경상남도,김해시,활천동
경상남도,마산회원구,회성동
경상남도,마산회원구,회원1동
경상남도,마산회원구,회원2동
경상남도,김해시,회현동
경상남도,고성군,회화면
경상남도,하동군,횡천면
경상남도,함양군,휴천면
경상북도,칠곡군,가산면
경상북도,문경시,가은읍
경상북도,의성군,가음면
경상북도,성주군,가천면
경상북도,영주시,가흥1동
경상북도,영주시,가흥2동
경상북도,청도군,각남면
경상북도,청도군,각북면
경상북도,김천시,감문면
경상북도,예천군,감천면
경상북도,김천시,감천면
경상북도,경주시,감포읍
경상북도,영덕군,강구면
경상북도,안동시,강남동
경상북도,경주시,강동면
경상북도,김천시,개령면
경상북도,고령군,개진면
경상북도,예천군,개포면
경상북도,경주시,건천읍
경상북도,상주시,계림동
경상북도,영천시,고경면
경상북도,군위군,고로면
경상북도,구미시,고아읍
경상북도,상주시,공검면
경상북도,구미시,공단1동
경상북도,구미시,공단2동
경상북도,상주시,공성면
경상북도,구미시,광평동
경상북도,포항시 남구,구룡포읍
경상북도,남구,구룡포읍
경상북도,김천시,구성면
경상북도,의성군,구천면
경상북도,군위군,군위읍
경상북도,울진군,근남면
경상북도,울진군,금강송면
경상북도,의성군,금성면
경상북도,성주군,금수면
경상북도,청도군,금천면
경상북도,영천시,금호읍
경상북도,포항시 북구,기계면
경상북도,북구,기계면
경상북도,포항시 북구,기북면
경상북도,북구,기북면
경상북도,칠곡군,기산면
경상북도,울진군,기성면
경상북도,안동시,길안면
경상북도,상주시,낙동면
경상북도,김천시,남면
경상북도,영천시,남부동
경상북도,경산시,남부동
경상북도,경산시,남산면
경상북도,안동시,남선면
경상북도,상주시,남원동
경상북도,영덕군,남정면
경상북도,경산시,남천면
경상북도,안동시,남후면
경상북도,경주시,내남면
경상북도,상주시,내서면
경상북도,안동시,녹전면
경상북도,김천시,농소면
경상북도,문경시,농암면
경상북도,고령군,다산면
경상북도,의성군,다인면
경상북도,의성군,단밀면
경상북도,의성군,단북면
경상북도,영주시,단산면
경상북도,의성군,단촌면
경상북도,영덕군,달산면
경상북도,성주군,대가면
경상북도,고령군,대가야읍
경상북도,김천시,대곡동
경상북도,김천시,대덕면
경상북도,포항시 남구,대송면
경상북도,남구,대송면
경상북도,김천시,대신동
경상북도,남구,대이동
경상북도,영천시,대창면
경상북도,김천시,대항면
경상북도,고령군,덕곡면
경상북도,구미시,도개면
경상북도,구미시,도량동
경상북도,안동시,도산면
경상북도,문경시,동로면
경상북도,칠곡군,동명면
경상북도,상주시,동문동
경상북도,영천시,동부동
경상북도,경산시,동부동
경상북도,상주시,동성동
경상북도,경주시,동천동
경상북도,포항시 남구,동해면
경상북도,남구,동해면
경상북도,북구,두호동
경상북도,문경시,마성면
경상북도,청도군,매전면
경상북도,울진군,매화면
경상북도,안동시,명륜동
경상북도,봉화군,명호면
경상북도,상주시,모동면
경상북도,상주시,모서면
경상북도,구미시,무을면
경상북도,문경시,문경읍
경상북도,영주시,문수면
경상북도,봉화군,물야면
경상북도,봉화군,법전면
경상북도,성주군,벽진면
경상북도,영덕군,병곡면
경상북도,경주시,보덕동
경상북도,예천군,보문면
경상북도,김천시,봉산면
경상북도,봉화군,봉성면
경상북도,의성군,봉양면
경상북도,영주시,봉현면
경상북도,봉화군,봉화읍
경상북도,군위군,부계면
경상북도,청송군,부남면
경상북도,영주시,부석면
경상북도,김천시,부항면
경상북도,울진군,북면
경상북도,울릉군,북면
경상북도,상주시,북문동
경상북도,경산시,북부동
경상북도,칠곡군,북삼읍
경상북도,영천시,북안면
경상북도,안동시,북후면
경상북도,경주시,불국동
경상북도,구미시,비산동
경상북도,의성군,비안면
경상북도,의성군,사곡면
경상북도,상주시,사벌국면
경상북도,경주시,산내면
경상북도,구미시,산동면
경상북도,문경시,산북면
경상북도,군위군,산성면
경상북도,문경시,산양면
경상북도,남구,상대동
경상북도,영주시,상망동
경상북도,구미시,상모사곡동
경상북도,봉화군,상운면
경상북도,안동시,서구동
경상북도,울릉군,서면
경상북도,경주시,서면
경상북도,경산시,서부1동
경상북도,경산시,서부2동
경상북도,영천시,서부동
경상북도,안동시,서후면
경상북도,영양군,석보면
경상북도,칠곡군,석적읍
경상북도,봉화군,석포면
경상북도,성주군,선남면
경상북도,경주시,선도동
경상북도,구미시,선산읍
경상북도,구미시,선주원남동
경상북도,경주시,성건동
경상북도,고령군,성산면
경상북도,성주군,성주읍
경상북도,군위군,소보면
경상북도,봉화군,소천면
경상북도,남구,송도동
경상북도,포항시 북구,송라면
경상북도,북구,송라면
경상북도,구미시,송정동
경상북도,안동시,송하동
경상북도,성주군,수륜면
경상북도,영양군,수비면
경상북도,영주시,순흥면
경상북도,포항시 북구,신광면
경상북도,북구,신광면
경상북도,영천시,신녕면
경상북도,구미시,신평1동
경상북도,구미시,신평2동
경상북도,의성군,신평면
경상북도,상주시,신흥동
경상북도,고령군,쌍림면
경상북도,김천시,아포읍
경상북도,경주시,안강읍
경상북도,의성군,안계면
경상북도,안동시,안기동
경상북도,청송군,안덕면
경상북도,의성군,안사면
경상북도,영주시,안정면
경상북도,의성군,안평면
경상북도,경산시,압량면
경상북도,경산시,압량읍
경상북도,칠곡군,약목면
경상북도,김천시,양금동
경상북도,경주시,양남면
경상북도,경주시,양북면
경상북도,구미시,양포동
경상북도,북구,양학동
경상북도,김천시,어모면
경상북도,포항시 남구,연일읍
경상북도,남구,연일읍
경상북도,영덕군,영덕읍
경상북도,문경시,영순면
경상북도,영양군,영양읍
경상북도,영주시,영주1동
경상북도,영주시,영주2동
경상북도,영덕군,영해면
경상북도,안동시,예안면
경상북도,예천군,예천읍
경상북도,포항시 남구,오천읍
경상북도,남구,오천읍
경상북도,안동시,옥동
경상북도,의성군,옥산면
경상북도,구미시,옥성면
경상북도,울진군,온정면
경상북도,안동시,와룡면
경상북도,경산시,와촌면
경상북도,영천시,완산동
경상북도,칠곡군,왜관읍
경상북도,상주시,외남면
경상북도,경주시,외동읍
경상북도,상주시,외서면
경상북도,경주시,용강동
경상북도,예천군,용궁면
경상북도,예천군,용문면
경상북도,안동시,용상동
경상북도,경산시,용성면
경상북도,성주군,용암면
경상북도,북구,용흥동
경상북도,고령군,우곡면
경상북도,군위군,우보면
경상북도,북구,우창동
경상북도,청도군,운문면
경상북도,고령군,운수면
경상북도,울릉군,울릉읍
경상북도,울진군,울진읍
경상북도,구미시,원평1동
경상북도,구미시,원평2동
경상북도,경주시,월성동
경상북도,성주군,월항면
경상북도,예천군,유천면
경상북도,김천시,율곡동
경상북도,상주시,은척면
경상북도,예천군,은풍면
경상북도,의성군,의성읍
경상북도,군위군,의흥면
경상북도,영주시,이산면
경상북도,청도군,이서면
경상북도,상주시,이안면
경상북도,구미시,인동동
경상북도,영양군,일월면
경상북도,안동시,일직면
경상북도,영천시,임고면
경상북도,안동시,임동면
경상북도,구미시,임오동
경상북도,안동시,임하면
경상북도,영양군,입암면
경상북도,김천시,자산동
경상북도,영천시,자양면
경상북도,경산시,자인면
경상북도,포항시 남구,장기면
경상북도,남구,장기면
경상북도,북구,장량동
경상북도,영주시,장수면
경상북도,구미시,장천면
경상북도,봉화군,재산면
경상북도,의성군,점곡면
경상북도,문경시,점촌1동
경상북도,문경시,점촌2동
경상북도,문경시,점촌3동
경상북도,문경시,점촌4동
경상북도,문경시,점촌5동
경상북도,남구,제철동
경상북도,김천시,조마면
경상북도,청송군,주왕산면
경상북도,북구,죽도동
경상북도,울진군,죽변면
경상북도,포항시 북구,죽장면
경상북도,북구,죽장면
경상북도,안동시,중구동
경상북도,상주시,중동면
경상북도,경산시,중방동
경상북도,경주시,중부동
경상북도,북구,중앙동
경상북도,영천시,중앙동
경상북도,경산시,중앙동
경상북도,김천시,증산면
경상북도,김천시,지례면
경상북도,예천군,지보면
경상북도,구미시,지산동
경상북도,김천시,지좌동
경상북도,칠곡군,지천면
경상북도,영덕군,지품면
경상북도,경산시,진량읍
경상북도,구미시,진미동
경상북도,청송군,진보면
경상북도,영덕군,창수면
경상북도,경주시,천북면
경상북도,영양군,청기면
경상북도,청도군,청도읍
경상북도,상주시,청리면
경상북도,남구,청림동
경상북도,청송군,청송읍
경상북도,영천시,청통면
경상북도,포항시 북구,청하면
경상북도,북구,청하면
경상북도,성주군,초전면
경상북도,영덕군,축산면
경상북도,의성군,춘산면
경상북도,봉화군,춘양면
경상북도,안동시,태화동
경상북도,청송군,파천면
경상북도,영주시,평은면
경상북도,울진군,평해읍
경상북도,김천시,평화남산동
경상북도,안동시,평화동
경상북도,청도군,풍각면
경상북도,영주시,풍기읍
경상북도,안동시,풍산읍
경상북도,예천군,풍양면
경상북도,안동시,풍천면
경상북도,영주시,하망동
경상북도,경산시,하양읍
경상북도,상주시,함창읍
경상북도,남구,해도동
경상북도,구미시,해평면
경상북도,경주시,현곡면
경상북도,청송군,현동면
경상북도,청송군,현서면
경상북도,구미시,형곡1동
경상북도,구미시,형곡2동
경상북도,문경시,호계면
경상북도,예천군,호명면
경상북도,포항시 남구,호미곶면
경상북도,남구,호미곶면
경상북도,영천시,화남면
경상북도,상주시,화남면
경상북도,상주시,화동면
경상북도,영천시,화북면
경상북도,상주시,화북면
경상북도,영천시,화산면
경상북도,상주시,화서면
경상북도,청도군,화양읍
경상북도,북구,환여동
경상북도,경주시,황남동
경상북도,경주시,황성동
경상북도,경주시,황오동
경상북도,남구,효곡동
경상북도,군위군,효령면
경상북도,예천군,효자면
경상북도,울진군,후포면
경상북도,영주시,휴천1동
경상북도,영주시,휴천2동
경상북도,영주시,휴천3동
경상북도,포항시 북구,흥해읍
광주광역시,북구,각화동
광주광역시,동구,계림동
광주광역시,광산구,고룡동
광주광역시,광산구,광산동
광주광역시,동구,광산동
광주광역시,서구,광천동
광주광역시,남구,구동
광주광역시,남구,구소동
광주광역시,동구,궁동
광주광역시,북구,금곡동
광주광역시,동구,금남로1가
광주광역시,동구,금남로2가
광주광역시,동구,금남로3가
광주광역시,동구,금남로4가
광주광역시,동구,금남로5가
광주광역시,동구,금동
광주광역시,서구,금호동
광주광역시,동구,남동
광주광역시,광산구,남산동
광주광역시,동구,내남동
광주광역시,서구,내방동
광주광역시,광산구,내산동
광주광역시,남구,노대동
광주광역시,서구,농성동
광주광역시,북구,누문동
광주광역시,광산구,대산동
광주광역시,동구,대의동
광주광역시,동구,대인동
광주광역시,남구,대지동
광주광역시,북구,대촌동
광주광역시,남구,덕남동
광주광역시,광산구,덕림동
광주광역시,북구,덕의동
광주광역시,서구,덕흥동
광주광역시,남구,도금동
광주광역시,광산구,도덕동
광주광역시,광산구,도산동
광주광역시,광산구,도천동
광주광역시,광산구,도호동
광주광역시,광산구,동림동
광주광역시,북구,동림동
광주광역시,동구,동명동
광주광역시,광산구,동산동
광주광역시,서구,동천동
광주광역시,광산구,동호동
광주광역시,북구,두암동
광주광역시,광산구,두정동
광주광역시,광산구,등임동
광주광역시,서구,마륵동
광주광역시,북구,망월동
광주광역시,북구,매곡동
광주광역시,서구,매월동
광주광역시,광산구,명도동
광주광역시,광산구,명화동
광주광역시,북구,문흥동
광주광역시,광산구,박호동
광주광역시,남구,방림동
광주광역시,남구,백운동
광주광역시,서구,벽진동
광주광역시,광산구,복룡동
광주광역시,광산구,본덕동
광주광역시,북구,본촌동
광주광역시,남구,봉선동
광주광역시,북구,북동
광주광역시,광산구,북산동
광주광역시,동구,불로동
광주광역시,광산구,비아동
광주광역시,남구,사동
광주광역시,광산구,사호동
광주광역시,광산구,산막동
광주광역시,광산구,산수동
광주광역시,동구,산수동
광주광역시,광산구,산월동
광주광역시,광산구,산정동
광주광역시,북구,삼각동
광주광역시,광산구,삼거동
광주광역시,광산구,삼도동
광주광역시,북구,생용동
광주광역시,남구,서동
광주광역시,광산구,서봉동
광주광역시,동구,서석동
광주광역시,서구,서창동
광주광역시,남구,석정동
광주광역시,동구,선교동
광주광역시,광산구,선동
광주광역시,광산구,선암동
광주광역시,서구,세하동
광주광역시,광산구,소촌동
광주광역시,동구,소태동
광주광역시,광산구,송대동
광주광역시,광산구,송산동
광주광역시,광산구,송정동
광주광역시,광산구,송촌동
광주광역시,광산구,송치동
광주광역시,남구,송하동
광주광역시,광산구,송학동
광주광역시,북구,수곡동
광주광역시,동구,수기동
광주광역시,광산구,수완동
광주광역시,남구,승촌동
광주광역시,광산구,신가동
광주광역시,광산구,신동
광주광역시,광산구,신룡동
광주광역시,북구,신안동
광주광역시,북구,신용동
광주광역시,남구,신장동
광주광역시,광산구,신창동
광주광역시,광산구,신촌동
광주광역시,광산구,쌍암동
광주광역시,서구,쌍촌동
광주광역시,광산구,안청동
광주광역시,남구,압촌동
광주광역시,남구,양과동
광주광역시,광산구,양동
광주광역시,서구,양동
광주광역시,남구,양림동
광주광역시,광산구,양산동
광주광역시,북구,양산동
광주광역시,남구,양촌동
광주광역시,광산구,연산동
광주광역시,북구,연제동
광주광역시,북구,오룡동
광주광역시,광산구,오산동
광주광역시,광산구,오선동
광주광역시,광산구,오운동
광주광역시,북구,오치동
광주광역시,광산구,옥동
광주광역시,광산구,왕동
광주광역시,광산구,요기동
광주광역시,북구,용강동
광주광역시,광산구,용곡동
광주광역시,광산구,용동
광주광역시,북구,용두동
광주광역시,서구,용두동
광주광역시,광산구,용봉동
광주광역시,북구,용봉동
광주광역시,동구,용산동
광주광역시,동구,용연동
광주광역시,북구,용전동
광주광역시,광산구,우산동
광주광역시,북구,우산동
광주광역시,광산구,운남동
광주광역시,동구,운림동
광주광역시,광산구,운수동
광주광역시,북구,운암동
광주광역시,북구,운정동
광주광역시,남구,원산동
광주광역시,광산구,월계동
광주광역시,광산구,월곡동
광주광역시,동구,월남동
광주광역시,남구,월산동
광주광역시,남구,월성동
광주광역시,광산구,월전동
광주광역시,북구,월출동
광주광역시,광산구,유계동
광주광역시,북구,유동
광주광역시,서구,유촌동
광주광역시,남구,이장동
광주광역시,북구,일곡동
광주광역시,광산구,임곡동
광주광역시,북구,임동
광주광역시,남구,임암동
광주광역시,광산구,장덕동
광주광역시,동구,장동
광주광역시,북구,장등동
광주광역시,광산구,장록동
광주광역시,광산구,장수동
광주광역시,남구,주월동
광주광역시,북구,중흥동
광주광역시,광산구,지산동
광주광역시,동구,지산동
광주광역시,남구,지석동
광주광역시,북구,지야동
광주광역시,광산구,지정동
광주광역시,광산구,지죽동
광주광역시,광산구,지평동
광주광역시,광산구,진곡동
광주광역시,남구,진월동
광주광역시,북구,청풍동
광주광역시,동구,충장로1가
광주광역시,동구,충장로2가
광주광역시,동구,충장로3가
광주광역시,동구,충장로4가
광주광역시,동구,충장로5가
광주광역시,북구,충효동
광주광역시,서구,치평동
광주광역시,남구,칠석동
광주광역시,북구,태령동
광주광역시,서구,풍암동
광주광역시,북구,풍향동
광주광역시,광산구,하남동
광주광역시,광산구,하산동
광주광역시,동구,학동
광주광역시,남구,행암동
광주광역시,동구,호남동
광주광역시,북구,화암동
광주광역시,남구,화장동
광주광역시,서구,화정동
광주광역시,동구,황금동
광주광역시,광산구,황룡동
광주광역시,북구,효령동
광주광역시,광산구,흑석동
대구광역시,달성군,가창면
대구광역시,수성구,가천동
대구광역시,동구,각산동
대구광역시,달서구,갈산동
대구광역시,달서구,감삼동
대구광역시,북구,검단동
대구광역시,동구,검사동
대구광역시,중구,계산동1가
대구광역시,중구,계산동2가
대구광역시,수성구,고모동
대구광역시,북구,고성동1가
대구광역시,북구,고성동2가
대구광역시,북구,고성동3가
대구광역시,중구,공평동
대구광역시,북구,관음동
대구광역시,동구,괴전동
대구광역시,중구,교동
대구광역시,북구,구암동
대구광역시,달성군,구지면
대구광역시,북구,국우동
대구광역시,동구,금강동
대구광역시,북구,금호동
대구광역시,중구,남산동
대구광역시,중구,남성로
대구광역시,중구,남일동
대구광역시,동구,내곡동
대구광역시,서구,내당동
대구광역시,동구,내동
대구광역시,북구,노곡동
대구광역시,수성구,노변동
대구광역시,북구,노원동1가
대구광역시,북구,노원동2가
대구광역시,북구,노원동3가
대구광역시,달성군,논공읍
대구광역시,동구,능성동
대구광역시,달성군,다사읍
대구광역시,중구,달성동
대구광역시,달서구,대곡동
대구광역시,동구,대림동
대구광역시,남구,대명동
대구광역시,중구,대봉동
대구광역시,중구,대신동
대구광역시,중구,대안동
대구광역시,달서구,대천동
대구광역시,북구,대현동
대구광역시,수성구,대흥동
대구광역시,동구,덕곡동
대구광역시,중구,덕산동
대구광역시,북구,도남동
대구광역시,동구,도동
대구광역시,달서구,도원동
대구광역시,중구,도원동
대구광역시,동구,도학동
대구광역시,동구,동내동
대구광역시,중구,동문동
대구광역시,북구,동변동
대구광역시,중구,동산동
대구광역시,중구,동성로1가
대구광역시,중구,동성로2가
대구광역시,중구,동성로3가
대구광역시,중구,동인동1가
대구광역시,중구,동인동2가
대구광역시,중구,동인동3가
대구광역시,중구,동인동4가
대구광역시,중구,동일동
대구광역시,북구,동천동
대구광역시,동구,동호동
대구광역시,북구,동호동
대구광역시,달서구,두류동
대구광역시,수성구,두산동
대구광역시,동구,둔산동
대구광역시,수성구,만촌동
대구광역시,동구,매여동
대구광역시,북구,매천동
대구광역시,수성구,매호동
대구광역시,중구,문화동
대구광역시,동구,미곡동
대구광역시,동구,미대동
대구광역시,동구,방촌동
대구광역시,동구,백안동
대구광역시,수성구,범물동
대구광역시,수성구,범어동
대구광역시,북구,복현동
대구광역시,달서구,본동
대구광역시,달서구,본리동
대구광역시,남구,봉덕동
대구광역시,동구,봉무동
대구광역시,중구,봉산동
대구광역시,동구,부동
대구광역시,중구,북내동
대구광역시,중구,북성로1가
대구광역시,중구,북성로2가
대구광역시,동구,불로동
대구광역시,서구,비산동
대구광역시,동구,사복동
대구광역시,북구,사수동
대구광역시,수성구,사월동
대구광역시,중구,사일동
대구광역시,북구,산격동
대구광역시,수성구,삼덕동
대구광역시,중구,삼덕동1가
대구광역시,중구,삼덕동2가
대구광역시,중구,삼덕동3가
대구광역시,중구,상덕동
대구광역시,수성구,상동
대구광역시,서구,상리동
대구광역시,동구,상매동
대구광역시,중구,상서동
대구광역시,달서구,상인동
대구광역시,중구,서내동
대구광역시,중구,서문로1가
대구광역시,중구,서문로2가
대구광역시,북구,서변동
대구광역시,중구,서성로1가
대구광역시,중구,서성로2가
대구광역시,중구,서야동
대구광역시,동구,서호동
대구광역시,달서구,성당동
대구광역시,수성구,성동
대구광역시,동구,송정동
대구광역시,달서구,송현동
대구광역시,중구,수동
대구광역시,수성구,수성동1가
대구광역시,수성구,수성동2가
대구광역시,수성구,수성동3가
대구광역시,수성구,수성동4가
대구광역시,중구,수창동
대구광역시,동구,숙천동
대구광역시,중구,시장북로
대구광역시,수성구,시지동
대구광역시,동구,신기동
대구광역시,달서구,신당동
대구광역시,수성구,신매동
대구광역시,동구,신무동
대구광역시,동구,신서동
대구광역시,동구,신암동
대구광역시,동구,신용동
대구광역시,동구,신천동
대구광역시,동구,신평동
대구광역시,북구,연경동
대구광역시,수성구,연호동
대구광역시,달성군,옥포읍
대구광역시,중구,완전동
대구광역시,동구,용계동
대구광역시,중구,용덕동
대구광역시,달서구,용산동
대구광역시,동구,용수동
대구광역시,수성구,욱수동
대구광역시,서구,원대동1가
대구광역시,서구,원대동2가
대구광역시,서구,원대동3가
대구광역시,달서구,월성동
대구광역시,달서구,월암동
대구광역시,달성군,유가읍
대구광역시,달서구,유천동
대구광역시,동구,율암동
대구광역시,동구,율하동
대구광역시,북구,읍내동
대구광역시,달서구,이곡동
대구광역시,남구,이천동
대구광역시,수성구,이천동
대구광역시,서구,이현동
대구광역시,중구,인교동
대구광역시,동구,입석동
대구광역시,중구,장관동
대구광역시,달서구,장기동
대구광역시,달서구,장동
대구광역시,중구,전동
대구광역시,북구,조야동
대구광역시,중구,종로1가
대구광역시,중구,종로2가
대구광역시,달서구,죽전동
대구광역시,동구,중대동
대구광역시,수성구,중동
대구광역시,서구,중리동
대구광역시,동구,지묘동
대구광역시,수성구,지산동
대구광역시,동구,지저동
대구광역시,동구,진인동
대구광역시,달서구,진천동
대구광역시,북구,칠성동1가
대구광역시,북구,칠성동2가
대구광역시,북구,침산동
대구광역시,북구,태전동
대구광역시,중구,태평로1가
대구광역시,중구,태평로2가
대구광역시,중구,태평로3가
대구광역시,수성구,파동
대구광역시,달서구,파호동
대구광역시,북구,팔달동
대구광역시,동구,평광동
대구광역시,서구,평리동
대구광역시,중구,포정동
대구광역시,달성군,하빈면
대구광역시,중구,하서동
대구광역시,북구,학정동
대구광역시,중구,향촌동
대구광역시,달성군,현풍읍
대구광역시,달서구,호림동
대구광역시,달서구,호산동
대구광역시,달성군,화원읍
대구광역시,중구,화전동
대구광역시,수성구,황금동
대구광역시,동구,효목동
대전광역시,서구,가수원동
대전광역시,동구,가양동
대전광역시,동구,가오동
대전광역시,서구,가장동
대전광역시,유성구,가정동
대전광역시,서구,갈마동
대전광역시,대덕구,갈전동
대전광역시,유성구,갑동
대전광역시,유성구,계산동
대전광역시,서구,관저동
대전광역시,유성구,관평동
대전광역시,서구,괴곡동
대전광역시,서구,괴정동
대전광역시,유성구,교촌동
대전광역시,동구,구도동
대전광역시,유성구,구룡동
대전광역시,유성구,구성동
대전광역시,유성구,구암동
대전광역시,중구,구완동
대전광역시,유성구,궁동
대전광역시,유성구,금고동
대전광역시,중구,금동
대전광역시,유성구,금탄동
대전광역시,동구,낭월동
대전광역시,서구,내동
대전광역시,동구,내탑동
대전광역시,유성구,노은동
대전광역시,동구,대동
대전광역시,유성구,대동
대전광역시,동구,대별동
대전광역시,중구,대사동
대전광역시,동구,대성동
대전광역시,유성구,대정동
대전광역시,대덕구,대화동
대전광역시,중구,대흥동
대전광역시,유성구,덕명동
대전광역시,대덕구,덕암동
대전광역시,유성구,덕진동
대전광역시,유성구,도룡동
대전광역시,서구,도마동
대전광역시,서구,도안동
대전광역시,유성구,둔곡동
대전광역시,서구,둔산동
대전광역시,동구,마산동
대전광역시,서구,만년동
대전광역시,서구,매노동
대전광역시,중구,목달동
대전광역시,중구,목동
대전광역시,대덕구,목상동
대전광역시,중구,무수동
대전광역시,유성구,문지동
대전광역시,중구,문창동
대전광역시,대덕구,문평동
대전광역시,중구,문화동
대전광역시,대덕구,미호동
대전광역시,유성구,반석동
대전광역시,유성구,방동
대전광역시,유성구,방현동
대전광역시,대덕구,법동
대전광역시,서구,변동
대전광역시,서구,복수동
대전광역시,유성구,복용동
대전광역시,서구,봉곡동
대전광역시,유성구,봉명동
대전광역시,유성구,봉산동
대전광역시,중구,부사동
대전광역시,대덕구,비래동
대전광역시,동구,비룡동
대전광역시,동구,사성동
대전광역시,중구,사정동
대전광역시,중구,산성동
대전광역시,서구,산직동
대전광역시,동구,삼괴동
대전광역시,동구,삼성동
대전광역시,대덕구,삼정동
대전광역시,동구,삼정동
대전광역시,유성구,상대동
대전광역시,대덕구,상서동
대전광역시,동구,상소동
대전광역시,중구,석교동
대전광역시,대덕구,석봉동
대전광역시,중구,선화동
대전광역시,동구,성남동
대전광역시,유성구,성북동
대전광역시,유성구,세동
대전광역시,동구,세천동
대전광역시,동구,소제동
대전광역시,동구,소호동
대전광역시,유성구,송강동
대전광역시,유성구,송정동
대전광역시,대덕구,송촌동
대전광역시,유성구,수남동
대전광역시,대덕구,신대동
대전광역시,유성구,신동
대전광역시,유성구,신봉동
대전광역시,동구,신상동
대전광역시,유성구,신성동
대전광역시,동구,신안동
대전광역시,대덕구,신일동
대전광역시,동구,신촌동
대전광역시,대덕구,신탄진동
대전광역시,동구,신하동
대전광역시,동구,신흥동
대전광역시,유성구,안산동
대전광역시,중구,안영동
대전광역시,중구,어남동
대전광역시,유성구,어은동
대전광역시,대덕구,연축동
대전광역시,동구,오동
대전광역시,서구,오동
대전광역시,중구,오류동
대전광역시,대덕구,오정동
대전광역시,중구,옥계동
대전광역시,대덕구,와동
대전광역시,유성구,외삼동
대전광역시,유성구,용계동
대전광역시,중구,용두동
대전광역시,서구,용문동
대전광역시,유성구,용산동
대전광역시,동구,용운동
대전광역시,동구,용전동
대전광역시,서구,용촌동
대전광역시,대덕구,용호동
대전광역시,서구,우명동
대전광역시,유성구,원내동
대전광역시,동구,원동
대전광역시,유성구,원신흥동
대전광역시,서구,원정동
대전광역시,유성구,원촌동
대전광역시,서구,월평동
대전광역시,중구,유천동
대전광역시,중구,은행동
대전광역시,대덕구,읍내동
대전광역시,동구,이사동
대전광역시,대덕구,이현동
대전광역시,동구,인동
대전광역시,동구,자양동
대전광역시,유성구,자운동
대전광역시,유성구,장대동
대전광역시,대덕구,장동
대전광역시,유성구,장동
대전광역시,서구,장안동
대전광역시,동구,장척동
대전광역시,유성구,전민동
대전광역시,동구,정동
대전광역시,서구,정림동
대전광역시,중구,정생동
대전광역시,동구,주산동
대전광역시,동구,주촌동
대전광역시,유성구,죽동
대전광역시,동구,중동
대전광역시,대덕구,중리동
대전광역시,중구,중촌동
대전광역시,유성구,지족동
대전광역시,동구,직동
대전광역시,동구,천동
대전광역시,동구,추동
대전광역시,유성구,추목동
대전광역시,중구,침산동
대전광역시,서구,탄방동
대전광역시,유성구,탑립동
대전광역시,중구,태평동
대전광역시,동구,판암동
대전광역시,대덕구,평촌동
대전광역시,서구,평촌동
대전광역시,유성구,하기동
대전광역시,동구,하소동
대전광역시,유성구,학하동
대전광역시,중구,호동
대전광역시,동구,홍도동
대전광역시,유성구,화암동
대전광역시,동구,효동
대전광역시,동구,효평동
대전광역시,서구,흑석동
부산광역시,부산진구,가야동
부산광역시,남구,감만동
부산광역시,사상구,감전동
부산광역시,사하구,감천동
부산광역시,강서구,강동동
부산광역시,부산진구,개금동
부산광역시,연제구,거제동
부산광역시,중구,광복동1가
부산광역시,중구,광복동2가
부산광역시,중구,광복동3가
부산광역시,수영구,광안동
부산광역시,사상구,괘법동
부산광역시,사하구,괴정동
부산광역시,강서구,구랑동
부산광역시,금정구,구서동
부산광역시,사하구,구평동
부산광역시,북구,구포동
부산광역시,북구,금곡동
부산광역시,금정구,금사동
부산광역시,금정구,금성동
부산광역시,기장군,기장읍
부산광역시,동래구,낙민동
부산광역시,서구,남부민동
부산광역시,금정구,남산동
부산광역시,수영구,남천동
부산광역시,중구,남포동1가
부산광역시,중구,남포동2가
부산광역시,중구,남포동3가
부산광역시,중구,남포동4가
부산광역시,중구,남포동5가
부산광역시,중구,남포동6가
부산광역시,영도구,남항동1가
부산광역시,영도구,남항동2가
부산광역시,영도구,남항동3가
부산광역시,금정구,노포동
부산광역시,강서구,녹산동
부산광역시,강서구,눌차동
부산광역시,사하구,다대동
부산광역시,부산진구,당감동
부산광역시,사하구,당리동
부산광역시,영도구,대교동1가
부산광역시,영도구,대교동2가
부산광역시,남구,대연동
부산광역시,강서구,대저1동
부산광역시,강서구,대저2동
부산광역시,중구,대창동1가
부산광역시,중구,대창동2가
부산광역시,중구,대청동1가
부산광역시,중구,대청동2가
부산광역시,중구,대청동3가
부산광역시,중구,대청동4가
부산광역시,영도구,대평동1가
부산광역시,영도구,대평동2가
부산광역시,강서구,대항동
부산광역시,북구,덕천동
부산광역시,사상구,덕포동
부산광역시,중구,동광동1가
부산광역시,중구,동광동2가
부산광역시,중구,동광동3가
부산광역시,중구,동광동4가
부산광역시,중구,동광동5가
부산광역시,서구,동대신동1가
부산광역시,서구,동대신동2가
부산광역시,서구,동대신동3가
부산광역시,영도구,동삼동
부산광역시,강서구,동선동
부산광역시,금정구,두구동
부산광역시,북구,만덕동
부산광역시,수영구,망미동
부산광역시,동래구,명륜동
부산광역시,동래구,명장동
부산광역시,강서구,명지동
부산광역시,사상구,모라동
부산광역시,남구,문현동
부산광역시,강서구,미음동
부산광역시,수영구,민락동
부산광역시,해운대구,반송동
부산광역시,해운대구,반여동
부산광역시,강서구,범방동
부산광역시,동구,범일동
부산광역시,부산진구,범전동
부산광역시,부산진구,범천동
부산광역시,중구,보수동1가
부산광역시,중구,보수동2가
부산광역시,중구,보수동3가
부산광역시,동래구,복천동
부산광역시,영도구,봉래동1가
부산광역시,영도구,봉래동2가
부산광역시,영도구,봉래동3가
부산광역시,영도구,봉래동4가
부산광역시,영도구,봉래동5가
부산광역시,강서구,봉림동
부산광역시,금정구,부곡동
부산광역시,서구,부민동1가
부산광역시,서구,부민동2가
부산광역시,서구,부민동3가
부산광역시,부산진구,부암동
부산광역시,서구,부용동1가
부산광역시,서구,부용동2가
부산광역시,부산진구,부전동
부산광역시,중구,부평동1가
부산광역시,중구,부평동2가
부산광역시,중구,부평동3가
부산광역시,중구,부평동4가
부산광역시,동래구,사직동
부산광역시,사상구,삼락동
부산광역시,강서구,생곡동
부산광역시,서구,서대신동1가
부산광역시,서구,서대신동2가
부산광역시,서구,서대신동3가
부산광역시,금정구,서동
부산광역시,해운대구,석대동
부산광역시,금정구,선동
부산광역시,강서구,성북동
부산광역시,강서구,송정동
부산광역시,해운대구,송정동
부산광역시,동래구,수안동
부산광역시,수영구,수영동
부산광역시,동구,수정동
부산광역시,강서구,식만동
부산광역시,영도구,신선동1가
부산광역시,영도구,신선동2가
부산광역시,영도구,신선동3가
부산광역시,중구,신창동1가
부산광역시,중구,신창동2가
부산광역시,중구,신창동3가
부산광역시,중구,신창동4가
부산광역시,사하구,신평동
부산광역시,강서구,신호동
부산광역시,서구,아미동1가
부산광역시,서구,아미동2가
부산광역시,동래구,안락동
부산광역시,서구,암남동
부산광역시,부산진구,양정동
부산광역시,사상구,엄궁동
부산광역시,연제구,연산동
부산광역시,부산진구,연지동
부산광역시,영도구,영선동1가
부산광역시,영도구,영선동2가
부산광역시,영도구,영선동3가
부산광역시,영도구,영선동4가
부산광역시,중구,영주동
부산광역시,금정구,오륜동
부산광역시,동래구,온천동
부산광역시,남구,용당동
부산광역시,남구,용호동
부산광역시,해운대구,우동
부산광역시,남구,우암동
부산광역시,기장군,일광면
부산광역시,사하구,장림동
부산광역시,기장군,장안읍
부산광역시,금정구,장전동
부산광역시,해운대구,재송동
부산광역시,부산진구,전포동
부산광역시,기장군,정관읍
부산광역시,해운대구,좌동
부산광역시,동구,좌천동
부산광역시,사상구,주례동
부산광역시,강서구,죽동동
부산광역시,강서구,죽림동
부산광역시,해운대구,중동
부산광역시,중구,중앙동1가
부산광역시,중구,중앙동2가
부산광역시,중구,중앙동3가
부산광역시,중구,중앙동4가
부산광역시,중구,중앙동5가
부산광역시,중구,중앙동6가
부산광역시,중구,중앙동7가
부산광역시,강서구,지사동
부산광역시,중구,창선동1가
부산광역시,중구,창선동2가
부산광역시,강서구,천성동
부산광역시,기장군,철마면
부산광역시,금정구,청룡동
부산광역시,영도구,청학동
부산광역시,동구,초량동
부산광역시,부산진구,초읍동
부산광역시,서구,초장동
부산광역시,서구,충무동1가
부산광역시,서구,충무동2가
부산광역시,서구,충무동3가
부산광역시,동래구,칠산동
부산광역시,서구,토성동1가
부산광역시,서구,토성동2가
부산광역시,서구,토성동3가
부산광역시,서구,토성동4가
부산광역시,서구,토성동5가
부산광역시,사하구,하단동
부산광역시,사상구,학장동
부산광역시,북구,화명동
부산광역시,강서구,화전동
부산광역시,금정구,회동동
서울특별시,송파구,가락1동
서울특별시,송파구,가락2동
서울특별시,송파구,가락본동
서울특별시,구로구,가리봉동
서울특별시,금천구,가산동
서울특별시,강서구,가양1동
서울특별시,강서구,가양2동
서울특별시,강서구,가양3동
서울특별시,종로구,가회동
서울특별시,은평구,갈현1동
서울특별시,은평구,갈현2동
서울특별시,강동구,강일동
서울특별시,구로구,개봉1동
서울특별시,구로구,개봉2동
서울특별시,구로구,개봉3동
서울특별시,강남구,개포1동
서울특별시,강남구,개포2동
서울특별시,강남구,개포4동
서울특별시,송파구,거여1동
서울특별시,송파구,거여2동
서울특별시,강동구,고덕1동
서울특별시,강동구,고덕2동
서울특별시,구로구,고척1동
서울특별시,구로구,고척2동
서울특별시,마포구,공덕동
서울특별시,노원구,공릉1동
서울특별시,노원구,공릉2동
서울특별시,강서구,공항동
서울특별시,광진구,광장동
서울특별시,중구,광희동
서울특별시,종로구,교남동
서울특별시,구로구,구로1동
서울특별시,구로구,구로2동
서울특별시,구로구,구로3동
서울특별시,구로구,구로4동
서울특별시,구로구,구로5동
서울특별시,은평구,구산동
서울특별시,광진구,구의1동
서울특별시,광진구,구의2동
서울특별시,광진구,구의3동
서울특별시,광진구,군자동
서울특별시,성동구,금호1가동
서울특별시,성동구,금호2·3가동
서울특별시,성동구,금호4가동
서울특별시,강동구,길동
서울특별시,성북구,길음1동
서울특별시,성북구,길음2동
서울특별시,관악구,낙성대동
서울특별시,관악구,난곡동
서울특별시,관악구,난향동
서울특별시,서대문구,남가좌1동
서울특별시,서대문구,남가좌2동
서울특별시,용산구,남영동
서울특별시,관악구,남현동
서울특별시,서초구,내곡동
서울특별시,동작구,노량진1동
서울특별시,동작구,노량진2동
서울특별시,은평구,녹번동
서울특별시,강남구,논현1동
서울특별시,강남구,논현2동
서울특별시,광진구,능동
서울특별시,중구,다산동
서울특별시,동대문구,답십리1동
서울특별시,동대문구,답십리2동
서울특별시,영등포구,당산1동
서울특별시,영등포구,당산2동
서울특별시,영등포구,대림1동
서울특별시,영등포구,대림2동
서울특별시,영등포구,대림3동
서울특별시,동작구,대방동
서울특별시,은평구,대조동
서울특별시,강남구,대치1동
서울특별시,강남구,대치2동
서울특별시,강남구,대치4동
서울특별시,관악구,대학동
서울특별시,마포구,대흥동
서울특별시,강남구,도곡1동
서울특별시,강남구,도곡2동
서울특별시,영등포구,도림동
서울특별시,도봉구,도봉1동
서울특별시,도봉구,도봉2동
서울특별시,마포구,도화동
서울특별시,금천구,독산1동
서울특별시,금천구,독산2동
서울특별시,금천구,독산3동
서울특별시,금천구,독산4동
서울특별시,성북구,돈암1동
서울특별시,성북구,돈암2동
서울특별시,성북구,동선동
서울특별시,중구,동화동
서울특별시,강동구,둔촌1동
서울특별시,강동구,둔촌2동
서울특별시,강서구,등촌1동
서울특별시,강서구,등촌2동
서울특별시,강서구,등촌3동
서울특별시,성동구,마장동
서울특별시,송파구,마천1동
서울특별시,송파구,마천2동
서울특별시,중랑구,망우3동
서울특별시,중랑구,망우본동
서울특별시,마포구,망원1동
서울특별시,마포구,망원2동
서울특별시,중랑구,면목2동
서울특별시,중랑구,면목3·8동
서울특별시,중랑구,면목4동
서울특별시,중랑구,면목5동
서울특별시,중랑구,면목7동
서울특별시,중랑구,면목본동
서울특별시,중구,명동
서울특별시,강동구,명일1동
서울특별시,강동구,명일2동
서울특별시,양천구,목1동
서울특별시,양천구,목2동
서울특별시,양천구,목3동
서울특별시,양천구,목4동
서울특별시,양천구,목5동
서울특별시,종로구,무악동
서울특별시,중랑구,묵1동
서울특별시,중랑구,묵2동
서울특별시,영등포구,문래동
서울특별시,송파구,문정1동
서울특별시,송파구,문정2동
서울특별시,관악구,미성동
서울특별시,강북구,미아동
서울특별시,서초구,반포1동
서울특별시,서초구,반포2동
서울특별시,서초구,반포3동
서울특별시,서초구,반포4동
서울특별시,서초구,반포본동
서울특별시,강서구,발산1동
서울특별시,서초구,방배1동
서울특별시,서초구,방배2동
서울특별시,서초구,방배3동
서울특별시,서초구,방배4동
서울특별시,서초구,방배본동
서울특별시,송파구,방이1동
서울특별시,송파구,방이2동
서울특별시,도봉구,방학1동
서울특별시,도봉구,방학2동
서울특별시,도봉구,방학3동
서울특별시,강서구,방화1동
서울특별시,강서구,방화2동
서울특별시,강서구,방화3동
서울특별시,강북구,번1동
서울특별시,강북구,번2동
서울특별시,강북구,번3동
서울특별시,용산구,보광동
서울특별시,관악구,보라매동
서울특별시,성북구,보문동
서울특별시,종로구,부암동
서울특별시,서대문구,북가좌1동
서울특별시,서대문구,북가좌2동
서울특별시,서대문구,북아현동
서울특별시,은평구,불광1동
서울특별시,은평구,불광2동
서울특별시,성동구,사근동
서울특별시,동작구,사당1동
서울특별시,동작구,사당2동
서울특별시,동작구,사당3동
서울특별시,동작구,사당4동
서울특별시,동작구,사당5동
서울특별시,종로구,사직동
서울특별시,강북구,삼각산동
서울특별시,성북구,삼선동
서울특별시,강남구,삼성1동
서울특별시,강남구,삼성2동
서울특별시,관악구,삼성동
서울특별시,강북구,삼양동
서울특별시,송파구,삼전동
서울특별시,종로구,삼청동
서울특별시,노원구,상계10동
서울특별시,노원구,상계1동
서울특별시,노원구,상계2동
서울특별시,노원구,상계3·4동
서울특별시,노원구,상계5동
서울특별시,노원구,상계6·7동
서울특별시,노원구,상계8동
서울특별시,노원구,상계9동
서울특별시,동작구,상도1동
서울특별시,동작구,상도2동
서울특별시,동작구,상도3동
서울특별시,동작구,상도4동
서울특별시,중랑구,상봉1동
서울특별시,중랑구,상봉2동
서울특별시,마포구,상암동
서울특별시,강동구,상일동
서울특별시,마포구,서강동
서울특별시,마포구,서교동
서울특별시,관악구,서림동
서울특별시,용산구,서빙고동
서울특별시,관악구,서원동
서울특별시,서초구,서초1동
서울특별시,서초구,서초2동
서울특별시,서초구,서초3동
서울특별시,서초구,서초4동
서울특별시,성북구,석관동
서울특별시,송파구,석촌동
서울특별시,강동구,성내1동
서울특별시,강동구,성내2동
서울특별시,강동구,성내3동
서울특별시,성북구,성북동
서울특별시,마포구,성산1동
서울특별시,마포구,성산2동
서울특별시,성동구,성수1가1동
서울특별시,성동구,성수1가2동
서울특별시,성동구,성수2가1동
서울특별시,성동구,성수2가3동
서울특별시,관악구,성현동
서울특별시,강남구,세곡동
서울특별시,중구,소공동
서울특별시,성동구,송정동
서울특별시,강북구,송중동
서울특별시,강북구,송천동
서울특별시,송파구,송파1동
서울특별시,송파구,송파2동
서울특별시,구로구,수궁동
서울특별시,은평구,수색동
서울특별시,강남구,수서동
서울특별시,강북구,수유1동
서울특별시,강북구,수유2동
서울특별시,강북구,수유3동
서울특별시,종로구,숭인1동
서울특별시,종로구,숭인2동
서울특별시,금천구,시흥1동
서울특별시,금천구,시흥2동
서울특별시,금천구,시흥3동
서울특별시,금천구,시흥4동
서울특별시,금천구,시흥5동
서울특별시,영등포구,신길1동
서울특별시,영등포구,신길3동
서울특별시,영등포구,신길4동
서울특별시,영등포구,신길5동
서울특별시,영등포구,신길6동
서울특별시,영등포구,신길7동
서울특별시,중랑구,신내1동
서울특별시,중랑구,신내2동
서울특별시,중구,신당5동
서울특별시,중구,신당동
서울특별시,동작구,신대방1동
서울특별시,동작구,신대방2동
서울특별시,구로구,신도림동
서울특별시,관악구,신림동
서울특별시,은평구,신사1동
서울특별시,은평구,신사2동
서울특별시,관악구,신사동
서울특별시,강남구,신사동
서울특별시,마포구,신수동
서울특별시,관악구,신원동
서울특별시,양천구,신월1동
서울특별시,양천구,신월2동
서울특별시,양천구,신월3동
서울특별시,양천구,신월4동
서울특별시,양천구,신월5동
서울특별시,양천구,신월6동
서울특별시,양천구,신월7동
서울특별시,양천구,신정1동
서울특별시,양천구,신정2동
서울특별시,양천구,신정3동
서울특별시,양천구,신정4동
서울특별시,양천구,신정6동
서울특별시,양천구,신정7동
서울특별시,서대문구,신촌동
서울특별시,도봉구,쌍문1동
서울특별시,도봉구,쌍문2동
서울특별시,도봉구,쌍문3동
서울특별시,도봉구,쌍문4동
서울특별시,마포구,아현동
서울특별시,성북구,안암동
서울특별시,강동구,암사1동
서울특별시,강동구,암사2동
서울특별시,강동구,암사3동
서울특별시,강남구,압구정동
서울특별시,중구,약수동
서울특별시,서초구,양재1동
서울특별시,서초구,양재2동
서울특별시,영등포구,양평1동
서울특별시,영등포구,양평2동
서울특별시,영등포구,여의동
서울특별시,강남구,역삼1동
서울특별시,강남구,역삼2동
서울특별시,은평구,역촌동
서울특별시,마포구,연남동
서울특별시,서대문구,연희동
서울특별시,마포구,염리동
서울특별시,강서구,염창동
서울특별시,영등포구,영등포동
서울특별시,영등포구,영등포본동
서울특별시,송파구,오금동
서울특별시,구로구,오류1동
서울특별시,구로구,오류2동
서울특별시,송파구,오륜동
서울특별시,성동구,옥수동
서울특별시,성동구,왕십리2동
서울특별시,성동구,왕십리도선동
서울특별시,마포구,용강동
서울특별시,성동구,용답동
서울특별시,용산구,용문동
서울특별시,용산구,용산2가동
서울특별시,동대문구,용신동
서울특별시,강북구,우이동
서울특별시,강서구,우장산동
서울특별시,용산구,원효로1동
서울특별시,용산구,원효로2동
서울특별시,노원구,월계1동
서울특별시,노원구,월계2동
서울특별시,노원구,월계3동
서울특별시,성북구,월곡1동
서울특별시,성북구,월곡2동
서울특별시,송파구,위례동
서울특별시,관악구,은천동
서울특별시,중구,을지로동
서울특별시,성동구,응봉동
서울특별시,은평구,응암1동
서울특별시,은평구,응암2동
서울특별시,은평구,응암3동
서울특별시,동대문구,이문1동
서울특별시,동대문구,이문2동
서울특별시,용산구,이촌1동
서울특별시,용산구,이촌2동
서울특별시,용산구,이태원1동
서울특별시,용산구,이태원2동
서울특별시,종로구,이화동
서울특별시,강북구,인수동
서울특별시,관악구,인헌동
서울특별시,강남구,일원1동
서울특별시,강남구,일원2동
서울특별시,강남구,일원본동
서울특별시,광진구,자양1동
서울특별시,광진구,자양2동
서울특별시,광진구,자양3동
서울특별시,광진구,자양4동
서울특별시,송파구,잠실2동
서울특별시,송파구,잠실3동
서울특별시,송파구,잠실4동
서울특별시,송파구,잠실6동
서울특별시,송파구,잠실7동
서울특별시,송파구,잠실본동
서울특별시,서초구,잠원동
서울특별시,동대문구,장안1동
서울특별시,동대문구,장안2동
서울특별시,성북구,장위1동
서울특별시,성북구,장위2동
서울특별시,성북구,장위3동
서울특별시,송파구,장지동
서울특별시,중구,장충동
서울특별시,동대문구,전농1동
서울특별시,동대문구,전농2동
서울특별시,성북구,정릉1동
서울특별시,성북구,정릉2동
서울특별시,성북구,정릉3동
서울특별시,성북구,정릉4동
서울특별시,동대문구,제기동
서울특별시,관악구,조원동
서울특별시,종로구,종로1·2·3·4가동
서울특별시,종로구,종로5·6가동
서울특별시,성북구,종암동
서울특별시,노원구,중계1동
서울특별시,노원구,중계2·3동
서울특별시,노원구,중계4동
서울특별시,노원구,중계본동
서울특별시,광진구,중곡1동
서울특별시,광진구,중곡2동
서울특별시,광진구,중곡3동
서울특별시,광진구,중곡4동
서울특별시,중구,중림동
서울특별시,관악구,중앙동
서울특별시,중랑구,중화1동
서울특별시,중랑구,중화2동
서울특별시,은평구,증산동
서울특별시,은평구,진관동
서울특별시,도봉구,창1동
서울특별시,도봉구,창2동
서울특별시,도봉구,창3동
서울특별시,도봉구,창4동
서울특별시,도봉구,창5동
서울특별시,종로구,창신1동
서울특별시,종로구,창신2동
서울특별시,종로구,창신3동
서울특별시,서대문구,천연동
서울특별시,강동구,천호1동
서울특별시,강동구,천호2동
서울특별시,강동구,천호3동
서울특별시,중구,청구동
서울특별시,강남구,청담동
서울특별시,동대문구,청량리동
서울특별시,관악구,청룡동
서울특별시,관악구,청림동
서울특별시,종로구,청운효자동
서울특별시,용산구,청파동
서울특별시,서대문구,충현동
서울특별시,종로구,평창동
서울특별시,송파구,풍납1동
서울특별시,송파구,풍납2동
서울특별시,중구,필동
서울특별시,노원구,하계1동
서울특별시,노원구,하계2동
서울특별시,용산구,한강로동
서울특별시,용산구,한남동
서울특별시,마포구,합정동
서울특별시,구로구,항동
서울특별시,성동구,행당1동
서울특별시,성동구,행당2동
서울특별시,관악구,행운동
서울특별시,종로구,혜화동
서울특별시,서대문구,홍은1동
서울특별시,서대문구,홍은2동
서울특별시,서대문구,홍제1동
서울특별시,서대문구,홍제2동
서울특별시,서대문구,홍제3동
서울특별시,강서구,화곡1동
서울특별시,강서구,화곡2동
서울특별시,강서구,화곡3동
서울특별시,강서구,화곡4동
서울특별시,강서구,화곡6동
서울특별시,강서구,화곡8동
서울특별시,강서구,화곡본동
서울특별시,광진구,화양동
서울특별시,중구,황학동
서울특별시,동대문구,회기동
서울특별시,중구,회현동
서울특별시,용산구,효창동
서울특별시,용산구,후암동
서울특별시,동대문구,휘경1동
서울특별시,동대문구,휘경2동
서울특별시,동작구,흑석동
세종특별자치시,,가람동
세종특별자치시,,고운동
세종특별자치시,,금남면
세종특별자치시,,나성동
세종특별자치시,,다정동
세종특별자치시,,대평동
세종특별자치시,,도담동
세종특별자치시,,반곡동
세종특별자치시,,보람동
세종특별자치시,,부강면
세종특별자치시,,산울동
세종특별자치시,,새롬동
세종특별자치시,,소담동
세종특별자치시,,소정면
세종특별자치시,,아름동
세종특별자치시,,어진동
세종특별자치시,,연기면
세종특별자치시,,연동면
세종특별자치시,,연서면
세종특별자치시,,장군면
세종특별자치시,,전동면
세종특별자치시,,전의면
세종특별자치시,,조치원읍
세종특별자치시,,종촌동
세종특별자치시,,집현동
세종특별자치시,,한솔동
세종특별자치시,,합강동
세종특별자치시,,해밀동
시도,시군구,읍면
울산광역시,북구,가대동
울산광역시,남구,고사동
울산광역시,중구,교동
울산광역시,북구,구유동
울산광역시,중구,남외동
울산광역시,남구,남화동
울산광역시,중구,다운동
울산광역시,남구,달동
울산광역시,북구,달천동
울산광역시,북구,당사동
울산광역시,북구,대안동
울산광역시,중구,동동
울산광역시,동구,동부동
울산광역시,울주군,두동면
울산광역시,울주군,두서면
울산광역시,남구,두왕동
울산광역시,북구,매곡동
울산광역시,남구,매암동
울산광역시,북구,명촌동
울산광역시,남구,무거동
울산광역시,북구,무룡동
울산광역시,동구,미포동
울산광역시,중구,반구동
울산광역시,동구,방어동
울산광역시,울주군,범서읍
울산광역시,중구,복산동
울산광역시,남구,부곡동
울산광역시,중구,북정동
울산광역시,북구,산하동
울산광역시,울주군,삼남읍
울산광역시,울주군,삼동면
울산광역시,남구,삼산동
울산광역시,남구,상개동
울산광역시,울주군,상북면
울산광역시,북구,상안동
울산광역시,중구,서동
울산광역시,동구,서부동
울산광역시,울주군,서생면
울산광역시,남구,선암동
울산광역시,중구,성남동
울산광역시,중구,성안동
울산광역시,남구,성암동
울산광역시,북구,송정동
울산광역시,북구,시례동
울산광역시,북구,신명동
울산광역시,남구,신정동
울산광역시,북구,신천동
울산광역시,북구,신현동
울산광역시,남구,야음동
울산광역시,중구,약사동
울산광역시,북구,양정동
울산광역시,북구,어물동
울산광역시,울주군,언양읍
울산광역시,남구,여천동
울산광역시,북구,연암동
울산광역시,북구,염포동
울산광역시,중구,옥교동
울산광역시,남구,옥동
울산광역시,울주군,온산읍
울산광역시,울주군,온양읍
울산광역시,남구,용연동
울산광역시,남구,용잠동
울산광역시,중구,우정동
울산광역시,울주군,웅촌면
울산광역시,중구,유곡동
울산광역시,동구,일산동
울산광역시,남구,장생포동
울산광역시,중구,장현동
울산광역시,동구,전하동
울산광역시,북구,정자동
울산광역시,동구,주전동
울산광역시,북구,중산동
울산광역시,북구,진장동
울산광역시,북구,창평동
울산광역시,북구,천곡동
울산광역시,울주군,청량읍
울산광역시,중구,태화동
울산광역시,중구,학산동
울산광역시,중구,학성동
울산광역시,북구,호계동
울산광역시,북구,화봉동
울산광역시,동구,화정동
울산광역시,남구,황성동
울산광역시,북구,효문동
인천광역시,서구,가정동
인천광역시,서구,가좌동
인천광역시,남동구,간석동
인천광역시,부평구,갈산동
인천광역시,계양구,갈현동
인천광역시,강화군,강화읍
인천광역시,서구,검암동
인천광역시,중구,경동
인천광역시,서구,경서동
인천광역시,계양구,계산동
인천광역시,남동구,고잔동
인천광역시,서구,공촌동
인천광역시,미추홀구,관교동
인천광역시,중구,관동1가
인천광역시,중구,관동2가
인천광역시,중구,관동3가
인천광역시,강화군,교동면
인천광역시,부평구,구산동
인천광역시,남동구,구월동
인천광역시,계양구,귤현동
인천광역시,동구,금곡동
인천광역시,서구,금곡동
인천광역시,강화군,길상면
인천광역시,중구,남북동
인천광역시,남동구,남촌동
인천광역시,강화군,내가면
인천광역시,중구,내동
인천광역시,남동구,논현동
인천광역시,계양구,다남동
인천광역시,중구,답동
인천광역시,서구,당하동
인천광역시,서구,대곡동
인천광역시,옹진군,대청면
인천광역시,중구,덕교동
인천광역시,옹진군,덕적면
인천광역시,남동구,도림동
인천광역시,중구,도원동
인천광역시,미추홀구,도화동
인천광역시,계양구,동양동
인천광역시,연수구,동춘동
인천광역시,계양구,둑실동
인천광역시,서구,마전동
인천광역시,동구,만석동
인천광역시,남동구,만수동
인천광역시,계양구,목상동
인천광역시,중구,무의동
인천광역시,미추홀구,문학동
인천광역시,계양구,박촌동
인천광역시,계양구,방축동
인천광역시,옹진군,백령면
인천광역시,서구,백석동
인천광역시,계양구,병방동
인천광역시,부평구,부개동
인천광역시,부평구,부평동
인천광역시,옹진군,북도면
인천광역시,중구,북성동1가
인천광역시,중구,북성동2가
인천광역시,중구,북성동3가
인천광역시,서구,불로동
인천광역시,강화군,불은면
인천광역시,중구,사동
인천광역시,부평구,산곡동
인천광역시,부평구,삼산동
인천광역시,강화군,삼산면
인천광역시,계양구,상야동
인천광역시,강화군,서도면
인천광역시,계양구,서운동
인천광역시,남동구,서창동
인천광역시,서구,석남동
인천광역시,중구,선린동
인천광역시,강화군,선원면
인천광역시,계양구,선주지동
인천광역시,연수구,선학동
인천광역시,중구,선화동
인천광역시,연수구,송도동
인천광역시,동구,송림동
인천광역시,중구,송월동1가
인천광역시,중구,송월동2가
인천광역시,중구,송월동3가
인천광역시,중구,송학동1가
인천광역시,중구,송학동2가
인천광역시,중구,송학동3가
인천광역시,강화군,송해면
인천광역시,동구,송현동
인천광역시,남동구,수산동
인천광역시,미추홀구,숭의동
인천광역시,서구,시천동
인천광역시,중구,신생동
인천광역시,중구,신포동
인천광역시,서구,신현동
인천광역시,중구,신흥동1가
인천광역시,중구,신흥동2가
인천광역시,중구,신흥동3가
인천광역시,서구,심곡동
인천광역시,부평구,십정동
인천광역시,강화군,양도면
인천광역시,강화군,양사면
인천광역시,연수구,연수동
인천광역시,옹진군,연평면
인천광역시,서구,연희동
인천광역시,옹진군,영흥면
인천광역시,계양구,오류동
인천광역시,서구,오류동
인천광역시,연수구,옥련동
인천광역시,서구,왕길동
인천광역시,중구,용동
인천광역시,계양구,용종동
인천광역시,미추홀구,용현동
인천광역시,중구,운남동
인천광역시,중구,운북동
인천광역시,중구,운서동
인천광역시,남동구,운연동
인천광역시,서구,원당동
인천광역시,서구,원창동
인천광역시,중구,유동
인천광역시,중구,율목동
인천광역시,중구,을왕동
인천광역시,계양구,이화동
인천광역시,중구,인현동
인천광역시,부평구,일신동
인천광역시,계양구,임학동
인천광역시,옹진군,자월면
인천광역시,계양구,작전동
인천광역시,계양구,장기동
인천광역시,남동구,장수동
인천광역시,중구,전동
인천광역시,미추홀구,주안동
인천광역시,중구,중산동
인천광역시,중구,중앙동1가
인천광역시,중구,중앙동2가
인천광역시,중구,중앙동3가
인천광역시,중구,중앙동4가
인천광역시,동구,창영동
인천광역시,서구,청라동
인천광역시,부평구,청천동
인천광역시,연수구,청학동
인천광역시,계양구,평동
인천광역시,계양구,하야동
인천광역시,강화군,하점면
인천광역시,미추홀구,학익동
인천광역시,중구,항동1가
인천광역시,중구,항동2가
인천광역시,중구,항동3가
인천광역시,중구,항동4가
인천광역시,중구,항동5가
인천광역시,중구,항동6가
인천광역시,중구,항동7가
인천광역시,중구,해안동1가
인천광역시,중구,해안동2가
인천광역시,중구,해안동3가
인천광역시,중구,해안동4가
인천광역시,강화군,화도면
인천광역시,동구,화수동
인천광역시,동구,화평동
인천광역시,계양구,효성동
전라남도,순천시,가곡동
전라남도,담양군,가사문학면
전라남도,구례군,간전면
전라남도,강진군,강진읍
전라남도,곡성군,겸면
전라남도,보성군,겸백면
전라남도,목포시,경동1가
전라남도,목포시,경동2가
전라남도,나주시,경현동
전라남도,여수시,경호동
전라남도,해남군,계곡면
전라남도,진도군,고군면
전라남도,완도군,고금면
전라남도,곡성군,고달면
전라남도,담양군,고서면
전라남도,여수시,고소동
전라남도,고흥군,고흥읍
전라남도,곡성군,곡성읍
전라남도,나주시,공산면
전라남도,여수시,공화동
전라남도,고흥군,과역면
전라남도,나주시,과원동
전라남도,여수시,관문동
전라남도,장흥군,관산읍
전라남도,나주시,관정동
전라남도,목포시,광동1가
전라남도,목포시,광동2가
전라남도,목포시,광동3가
전라남도,여수시,광무동
전라남도,광양시,광양읍
전라남도,광양시,광영동
전라남도,구례군,광의면
전라남도,나주시,교동
전라남도,여수시,교동
전라남도,순천시,교량동
전라남도,구례군,구례읍
전라남도,여수시,국동
전라남도,영광군,군남면
전라남도,진도군,군내면
전라남도,강진군,군동면
전라남도,영광군,군서면
전라남도,영암군,군서면
전라남도,완도군,군외면
전라남도,여수시,군자동
전라남도,나주시,금계동
전라남도,순천시,금곡동
전라남도,완도군,금당면
전라남도,목포시,금동1가
전라남도,목포시,금동2가
전라남도,고흥군,금산면
전라남도,나주시,금성동
전라남도,담양군,금성면
전라남도,완도군,금일읍
전라남도,영암군,금정면
전라남도,나주시,금천면
전라남도,광양시,금호동
전라남도,목포시,금화동
전라남도,함평군,나산면
전라남도,순천시,낙안면
전라남도,영광군,낙월면
전라남도,여수시,낙포동
전라남도,목포시,남교동
전라남도,나주시,남내동
전라남도,순천시,남내동
전라남도,장성군,남면
전라남도,여수시,남면
전라남도,여수시,남산동
전라남도,고흥군,남양면
전라남도,나주시,남외동
전라남도,순천시,남정동
전라남도,나주시,남평읍
전라남도,보성군,노동면
전라남도,나주시,노안면
전라남도,완도군,노화읍
전라남도,화순군,능주면
전라남도,나주시,다도면
전라남도,나주시,다시면
전라남도,광양시,다압면
전라남도,목포시,달동
전라남도,담양군,담양읍
전라남도,강진군,대구면
전라남도,나주시,대기동
전라남도,순천시,대대동
전라남도,담양군,대덕면
전라남도,장흥군,대덕읍
전라남도,함평군,대동면
전라남도,순천시,대룡동
전라남도,영광군,대마면
전라남도,고흥군,대서면
전라남도,목포시,대성동
전라남도,목포시,대안동
전라남도,목포시,대양동
전라남도,목포시,대의동1가
전라남도,목포시,대의동2가
전라남도,목포시,대의동3가
전라남도,담양군,대전면
전라남도,나주시,대호동
전라남도,순천시,덕암동
전라남도,순천시,덕월동
전라남도,영암군,덕진면
전라남도,여수시,덕충동
전라남도,화순군,도곡면
전라남도,고흥군,도덕면
전라남도,강진군,도암면
전라남도,화순군,도암면
전라남도,고흥군,도양읍
전라남도,광양시,도이동
전라남도,신안군,도초면
전라남도,영암군,도포면
전라남도,고흥군,도화면
전라남도,여수시,돌산읍
전라남도,나주시,동강면
전라남도,고흥군,동강면
전라남도,화순군,동면
전라남도,목포시,동명동
전라남도,화순군,동복면
전라남도,여수시,동산동
전라남도,나주시,동수동
전라남도,순천시,동외동
전라남도,고흥군,동일면
전라남도,장성군,동화면
전라남도,고흥군,두원면
전라남도,여수시,둔덕동
전라남도,보성군,득량면
전라남도,광양시,마동
전라남도,강진군,마량면
전라남도,구례군,마산면
전라남도,해남군,마산면
전라남도,목포시,만호동
전라남도,여수시,만흥동
전라남도,무안군,망운면
전라남도,순천시,매곡동
전라남도,목포시,명륜동
전라남도,곡성군,목사동면
전라남도,무안군,몽탄면
전라남도,여수시,묘도동
전라남도,영광군,묘량면
전라남도,목포시,무안동
전라남도,무안군,무안읍
전라남도,담양군,무정면
전라남도,해남군,문내면
전라남도,보성군,문덕면
전라남도,여수시,문수동
전라남도,구례군,문척면
전라남도,나주시,문평면
전라남도,보성군,미력면
전라남도,영암군,미암면
전라남도,여수시,미평동
전라남도,나주시,반남면
전라남도,영광군,백수읍
전라남도,화순군,백아면
전라남도,보성군,벌교읍
전라남도,영광군,법성면
전라남도,순천시,별량면
전라남도,강진군,병영면
전라남도,목포시,보광동1가
전라남도,목포시,보광동2가
전라남도,목포시,보광동3가
전라남도,완도군,보길면
전라남도,나주시,보산동
전라남도,보성군,보성읍
전라남도,보성군,복내면
전라남도,목포시,복만동
전라남도,여수시,봉강동
전라남도,광양시,봉강면
전라남도,여수시,봉계동
전라남도,고흥군,봉래면
전라남도,여수시,봉산동
전라남도,담양군,봉산면
전라남도,나주시,봉황면
전라남도,나주시,부덕동
전라남도,장흥군,부산면
전라남도,목포시,북교동
전라남도,장성군,북이면
전라남도,해남군,북일면
전라남도,장성군,북일면
전라남도,해남군,북평면
전라남도,장성군,북하면
전라남도,영광군,불갑면
전라남도,신안군,비금면
전라남도,나주시,빛가람동
전라남도,화순군,사평면
전라남도,구례군,산동면
전라남도,해남군,산이면
전라남도,나주시,산정동
전라남도,목포시,산정동
전라남도,나주시,산포면
전라남도,순천시,삼거동
전라남도,장성군,삼계면
전라남도,곡성군,삼기면
전라남도,나주시,삼도동
전라남도,여수시,삼산면
전라남도,해남군,삼산면
전라남도,장성군,삼서면
전라남도,나주시,삼영동
전라남도,무안군,삼향읍
전라남도,영암군,삼호읍
전라남도,목포시,상동
전라남도,목포시,상락동1가
전라남도,목포시,상락동2가
전라남도,순천시,상사면
전라남도,여수시,상암동
전라남도,순천시,생목동
전라남도,완도군,생일면
전라남도,여수시,서교동
전라남도,나주시,서내동
전라남도,순천시,서면
전라남도,목포시,서산동
전라남도,장성군,서삼면
전라남도,영암군,서호면
전라남도,곡성군,석곡면
전라남도,나주시,석현동
전라남도,목포시,석현동
전라남도,순천시,석현동
전라남도,여수시,선원동
전라남도,나주시,성북동
전라남도,강진군,성전면
전라남도,광양시,성황동
전라남도,나주시,세지면
전라남도,여수시,소라면
전라남도,완도군,소안면
전라남도,여수시,소호동
전라남도,함평군,손불면
전라남도,순천시,송광면
전라남도,나주시,송월동
전라남도,해남군,송지면
전라남도,나주시,송촌동
전라남도,목포시,수강동1가
전라남도,목포시,수강동2가
전라남도,담양군,수북면
전라남도,여수시,수정동
전라남도,순천시,승주읍
전라남도,여수시,시전동
전라남도,영암군,시종면
전라남도,함평군,신광면
전라남도,여수시,신기동
전라남도,여수시,신덕동
전라남도,영암군,신북면
전라남도,여수시,신월동
전라남도,신안군,신의면
전라남도,강진군,신전면
전라남도,완도군,신지면
전라남도,여수시,안산동
전라남도,장흥군,안양면
전라남도,신안군,안좌면
전라남도,나주시,안창동
전라남도,순천시,안풍동
전라남도,신안군,암태면
전라남도,신안군,압해읍
전라남도,순천시,야흥동
전라남도,완도군,약산면
전라남도,목포시,양동
전라남도,함평군,엄다면
전라남도,여수시,여서동
전라남도,여수시,여천동
전라남도,여수시,연등동
전라남도,목포시,연산동
전라남도,순천시,연향동
전라남도,영광군,염산면
전라남도,영광군,영광읍
전라남도,고흥군,영남면
전라남도,순천시,영동
전라남도,나주시,영산동
전라남도,영암군,영암읍
전라남도,목포시,영해동1가
전라남도,목포시,영해동2가
전라남도,곡성군,오곡면
전라남도,나주시,오량동
전라남도,여수시,오림동
전라남도,곡성군,오산면
전라남도,순천시,오천동
전라남도,여수시,오천동
전라남도,광양시,옥곡면
전라남도,곡성군,옥과면
전라남도,광양시,옥룡면
전라남도,목포시,옥암동
전라남도,순천시,옥천동
전라남도,해남군,옥천면
전라남도,목포시,온금동
전라남도,강진군,옴천면
전라남도,순천시,와룡동
전라남도,완도군,완도읍
전라남도,나주시,왕곡면
전라남도,순천시,왕지동
전라남도,순천시,외서면
전라남도,목포시,용당동
전라남도,순천시,용당동
전라남도,담양군,용면
전라남도,구례군,용방면
전라남도,나주시,용산동
전라남도,장흥군,용산면
전라남도,목포시,용해동
전라남도,나주시,운곡동
전라남도,무안군,운남면
전라남도,여수시,웅천동
전라남도,보성군,웅치면
전라남도,여수시,월내동
전라남도,순천시,월등면
전라남도,담양군,월산면
전라남도,함평군,월야면
전라남도,여수시,월하동
전라남도,목포시,유달동
전라남도,목포시,유동
전라남도,장흥군,유치면
전라남도,목포시,율도동
전라남도,보성군,율어면
전라남도,여수시,율촌면
전라남도,진도군,의신면
전라남도,화순군,이서면
전라남도,화순군,이양면
전라남도,나주시,이창동
전라남도,순천시,인월동
전라남도,순천시,인제동
전라남도,무안군,일로읍
전라남도,신안군,임자면
전라남도,진도군,임회면
전라남도,곡성군,입면
전라남도,신안군,자은면
전라남도,강진군,작천면
전라남도,장흥군,장동면
전라남도,신안군,장산면
전라남도,장성군,장성읍
전라남도,순천시,장천동
전라남도,장흥군,장평면
전라남도,장흥군,장흥읍
전라남도,순천시,저전동
전라남도,여수시,적량동
전라남도,고흥군,점암면
전라남도,순천시,조곡동
전라남도,진도군,조도면
전라남도,순천시,조례동
전라남도,보성군,조성면
전라남도,여수시,종화동
전라남도,여수시,주삼동
전라남도,순천시,주암면
전라남도,곡성군,죽곡면
전라남도,목포시,죽교동
전라남도,목포시,죽동
전라남도,나주시,죽림동
전라남도,광양시,중군동
전라남도,광양시,중동
전라남도,목포시,중동1가
전라남도,목포시,중동2가
전라남도,나주시,중앙동
전라남도,순천시,중앙동
전라남도,여수시,중앙동
전라남도,목포시,중앙동1가
전라남도,목포시,중앙동2가
전라남도,목포시,중앙동3가
전라남도,여수시,중흥동
전라남도,신안군,증도면
전라남도,신안군,지도읍
전라남도,진도군,지산면
전라남도,진도군,진도읍
전라남도,광양시,진상면
전라남도,장성군,진원면
전라남도,광양시,진월면
전라남도,나주시,진포동
전라남도,목포시,창평동
전라남도,담양군,창평면
전라남도,무안군,청계면
전라남도,나주시,청동
전라남도,완도군,청산면
전라남도,화순군,청풍면
전라남도,목포시,축복동1가
전라남도,목포시,축복동2가
전라남도,목포시,축복동3가
전라남도,화순군,춘양면
전라남도,여수시,충무동
전라남도,목포시,측후동
전라남도,강진군,칠량면
전라남도,광양시,태인동
전라남도,나주시,토계동
전라남도,구례군,토지면
전라남도,신안군,팔금면
전라남도,나주시,평산동
전라남도,여수시,평여동
전라남도,고흥군,포두면
전라남도,순천시,풍덕동
전라남도,고흥군,풍양면
전라남도,신안군,하의면
전라남도,함평군,학교면
전라남도,여수시,학동
전라남도,영암군,학산면
전라남도,여수시,학용동
전라남도,화순군,한천면
전라남도,함평군,함평읍
전라남도,목포시,항동
전라남도,해남군,해남읍
전라남도,순천시,해룡면
전라남도,함평군,해보면
전라남도,여수시,해산동
전라남도,목포시,해안동1가
전라남도,목포시,해안동2가
전라남도,목포시,해안동3가
전라남도,목포시,해안동4가
전라남도,무안군,해제면
전라남도,순천시,행동
전라남도,목포시,행복동1가
전라남도,목포시,행복동2가
전라남도,무안군,현경면
전라남도,해남군,현산면
전라남도,목포시,호남동
전라남도,여수시,호명동
전라남도,순천시,홍내동
전라남도,영광군,홍농읍
전라남도,해남군,화산면
전라남도,화순군,화순읍
전라남도,여수시,화양면
전라남도,해남군,화원면
전라남도,여수시,화장동
전라남도,여수시,화정면
전라남도,여수시,화치동
전라남도,광양시,황금동
전라남도,광양시,황길동
전라남도,장성군,황룡면
전라남도,해남군,황산면
전라남도,순천시,황전면
전라남도,장흥군,회진면
전라남도,보성군,회천면
전라남도,신안군,흑산면
전라북도,김제시,갈공동
전라북도,익산시,갈산동
전라북도,남원시,갈치동
전라북도,정읍시,감곡면
전라북도,임실군,강진면
전라북도,전주시 덕진구,강흥동
전라북도,군산시,개복동
전라북도,군산시,개사동
전라북도,군산시,개정동
전라북도,군산시,개정면
전라북도,김제시,검산동
전라북도,군산시,경암동
전라북도,전주시 완산구,경원동1가
전라북도,전주시 완산구,경원동2가
전라북도,전주시 완산구,경원동3가
전라북도,군산시,경장동
전라북도,완주군,경천면
전라북도,장수군,계남면
전라북도,장수군,계북면
전라북도,부안군,계화면
전라북도,전주시 덕진구,고랑동
전라북도,정읍시,고부면
전라북도,전주시 완산구,고사동
전라북도,완주군,고산면
전라북도,고창군,고수면
전라북도,남원시,고죽동
전라북도,고창군,고창읍
전라북도,김제시,공덕면
전라북도,고창군,공음면
전라북도,정읍시,공평동
전라북도,정읍시,과교동
전라북도,임실군,관촌면
전라북도,남원시,광치동
전라북도,김제시,광활면
전라북도,김제시,교동
전라북도,전주시 완산구,교동
전라북도,정읍시,교암동
전라북도,정읍시,구룡동
전라북도,순창군,구림면
전라북도,군산시,구암동
전라북도,완주군,구이면
전라북도,익산시,금강동
전라북도,순창군,금과면
전라북도,군산시,금광동
전라북도,김제시,금구면
전라북도,군산시,금동
전라북도,남원시,금동
전라북도,익산시,금마면
전라북도,정읍시,금붕동
전라북도,김제시,금산면
전라북도,전주시 덕진구,금상동
전라북도,군산시,금암동
전라북도,전주시 덕진구,금암동
전라북도,남원시,금지면
전라북도,군산시,나운동
전라북도,군산시,나포면
전라북도,김제시,난봉동
전라북도,전주시 완산구,남노송동
전라북도,전주시 덕진구,남정동
전라북도,익산시,남중동
전라북도,익산시,낭산면
전라북도,정읍시,내장동
전라북도,남원시,내척동
전라북도,군산시,내초동
전라북도,군산시,내흥동
전라북도,남원시,노암동
전라북도,정읍시,농소동
전라북도,전주시 완산구,다가동1가
전라북도,전주시 완산구,다가동2가
전라북도,전주시 완산구,다가동3가
전라북도,전주시 완산구,다가동4가
전라북도,남원시,대강면
전라북도,군산시,대명동
전라북도,고창군,대산면
전라북도,남원시,대산면
전라북도,전주시 완산구,대성동
전라북도,군산시,대야면
전라북도,남원시,덕과면
전라북도,익산시,덕기동
전라북도,전주시 덕진구,덕진동1가
전라북도,전주시 덕진구,덕진동2가
전라북도,정읍시,덕천면
전라북도,임실군,덕치면
전라북도,전주시 덕진구,도덕동
전라북도,전주시 덕진구,도도동
전라북도,김제시,도장동
전라북도,남원시,도통동
전라북도,순창군,동계면
전라북도,익산시,동산동
전라북도,완주군,동상면
전라북도,전주시 완산구,동서학동
전라북도,전주시 완산구,동완산동
전라북도,부안군,동진면
전라북도,남원시,동충동
전라북도,진안군,동향면
전라북도,군산시,동흥남동
전라북도,군산시,둔율동
전라북도,익산시,마동
전라북도,진안군,마령면
전라북도,김제시,만경읍
전라북도,익산시,만석동
전라북도,전주시 덕진구,만성동
전라북도,익산시,망성면
전라북도,정읍시,망제동
전라북도,김제시,명덕동
전라북도,군산시,명산동
전라북도,익산시,모현동1가
전라북도,익산시,모현동2가
전라북도,익산시,목천동
전라북도,고창군,무장면
전라북도,무주군,무주읍
전라북도,무주군,무풍면
전라북도,군산시,문화동
전라북도,군산시,미룡동
전라북도,군산시,미원동
전라북도,군산시,미장동
전라북도,전주시 덕진구,반월동
전라북도,김제시,백구면
전라북도,부안군,백산면
전라북도,김제시,백산면
전라북도,진안군,백운면
전라북도,김제시,백학동
전라북도,장수군,번암면
전라북도,부안군,변산면
전라북도,부안군,보안면
전라북도,남원시,보절면
전라북도,김제시,복죽동
전라북도,순창군,복흥면
전라북도,김제시,봉남면
전라북도,완주군,봉동읍
전라북도,진안군,부귀면
전라북도,무주군,부남면
전라북도,김제시,부량면
전라북도,익산시,부송동
전라북도,고창군,부안면
전라북도,부안군,부안읍
전라북도,정읍시,부전동
전라북도,정읍시,북면
전라북도,완주군,비봉면
전라북도,군산시,비응도동
전라북도,남원시,사매면
전라북도,군산시,사정동
전라북도,남원시,산곡동
전라북도,남원시,산내면
전라북도,정읍시,산내면
전라북도,남원시,산동면
전라북도,군산시,산북동
전라북도,장수군,산서면
전라북도,정읍시,산외면
전라북도,전주시 덕진구,산정동
전라북도,임실군,삼계면
전라북도,익산시,삼기면
전라북도,완주군,삼례읍
전라북도,정읍시,삼산동
전라북도,전주시 완산구,삼천동1가
전라북도,전주시 완산구,삼천동2가
전라북도,전주시 완산구,삼천동3가
전라북도,군산시,삼학동
전라북도,완주군,상관면
전라북도,정읍시,상동
전라북도,김제시,상동동
전라북도,전주시 완산구,상림동
전라북도,부안군,상서면
전라북도,진안군,상전면
전라북도,정읍시,상평동
전라북도,고창군,상하면
전라북도,전주시 완산구,색장동
전라북도,전주시 완산구,서노송동
전라북도,전주시 완산구,서서학동
전라북도,군산시,서수면
전라북도,전주시 완산구,서신동
전라북도,김제시,서암동
전라북도,전주시 완산구,서완산동1가
전라북도,전주시 완산구,서완산동2가
전라북도,김제시,서정동
전라북도,군산시,서흥남동
전라북도,전주시 완산구,석구동
전라북도,익산시,석암동
전라북도,익산시,석왕동
전라북도,익산시,석탄동
전라북도,군산시,선양동
전라북도,무주군,설천면
전라북도,고창군,성내면
전라북도,익산시,성당면
전라북도,전주시 덕진구,성덕동
전라북도,김제시,성덕면
전라북도,군산시,성산면
전라북도,고창군,성송면
전라북도,진안군,성수면
전라북도,임실군,성수면
전라북도,군산시,소룡동
전라북도,정읍시,소성면
전라북도,완주군,소양면
전라북도,남원시,송동면
전라북도,정읍시,송산동
전라북도,군산시,송창동
전라북도,전주시 덕진구,송천동1가
전라북도,전주시 덕진구,송천동2가
전라북도,군산시,송풍동
전라북도,익산시,송학동
전라북도,정읍시,수성동
전라북도,군산시,수송동
전라북도,남원시,수지면
전라북도,김제시,순동
전라북도,순창군,순창읍
전라북도,정읍시,시기동
전라북도,남원시,식정동
전라북도,김제시,신곡동
전라북도,군산시,신관동
전라북도,김제시,신덕동
전라북도,임실군,신덕면
전라북도,익산시,신동
전라북도,고창군,신림면
전라북도,군산시,신영동
전라북도,익산시,신용동
전라북도,김제시,신월동
전라북도,정읍시,신월동
전라북도,남원시,신정동
전라북도,정읍시,신정동
전라북도,군산시,신창동
전라북도,남원시,신촌동
전라북도,정읍시,신태인읍
전라북도,임실군,신평면
전라북도,군산시,신풍동
전라북도,김제시,신풍동
전라북도,군산시,신흥동
전라북도,익산시,신흥동
전라북도,고창군,심원면
전라북도,남원시,쌍교동
전라북도,정읍시,쌍암동
전라북도,순창군,쌍치면
전라북도,고창군,아산면
전라북도,남원시,아영면
전라북도,무주군,안성면
전라북도,진안군,안천면
전라북도,김제시,양전동
전라북도,익산시,어양동
전라북도,남원시,어현동
전라북도,익산시,여산면
전라북도,전주시 덕진구,여의동
전라북도,전주시 덕진구,여의동2가
전라북도,김제시,연정동
전라북도,정읍시,연지동
전라북도,군산시,영동
전라북도,익산시,영등동
전라북도,정읍시,영원면
전라북도,정읍시,영파동
전라북도,군산시,영화동
전라북도,군산시,오룡동
전라북도,익산시,오산면
전라북도,임실군,오수면
전라북도,군산시,오식도동
전라북도,김제시,오정동
전라북도,군산시,옥구읍
전라북도,군산시,옥도면
전라북도,김제시,옥산동
전라북도,군산시,옥산면
전라북도,군산시,옥서면
전라북도,정읍시,옹동면
전라북도,익산시,왕궁면
전라북도,남원시,왕정동
전라북도,김제시,요촌동
전라북도,정읍시,용계동
전라북도,진안군,용담면
전라북도,김제시,용동
전라북도,익산시,용동면
전라북도,전주시 완산구,용복동
전라북도,정읍시,용산동
전라북도,익산시,용안면
전라북도,남원시,용정동
전라북도,전주시 덕진구,용정동
전라북도,익산시,용제동
전라북도,김제시,용지면
전라북도,완주군,용진읍
전라북도,전주시 덕진구,우아동1가
전라북도,전주시 덕진구,우아동2가
전라북도,전주시 덕진구,우아동3가
전라북도,남원시,운봉읍
전라북도,임실군,운암면
전라북도,완주군,운주면
전라북도,익산시,웅포면
전라북도,전주시 완산구,원당동
전라북도,전주시 덕진구,원동
전라북도,남원시,월락동
전라북도,군산시,월명동
전라북도,김제시,월봉동
전라북도,김제시,월성동
전라북도,익산시,월성동
전라북도,부안군,위도면
전라북도,순창군,유등면
전라북도,익산시,은기동
전라북도,남원시,이백면
전라북도,완주군,이서면
전라북도,정읍시,이평면
전라북도,순창군,인계면
전라북도,남원시,인월면
전라북도,익산시,인화동1가
전라북도,익산시,인화동2가
전라북도,전주시 덕진구,인후동1가
전라북도,전주시 덕진구,인후동2가
전라북도,익산시,임상동
전라북도,임실군,임실읍
전라북도,군산시,임피면
전라북도,김제시,입석동
전라북도,정읍시,입암면
전라북도,장수군,장계면
전라북도,전주시 덕진구,장동
전라북도,정읍시,장명동
전라북도,군산시,장미동
전라북도,장수군,장수읍
전라북도,군산시,장재동
전라북도,김제시,장화동
전라북도,무주군,적상면
전라북도,순창군,적성면
전라북도,전주시 완산구,전동
전라북도,전주시 완산구,전동3가
전라북도,전주시 덕진구,전미동1가
전라북도,전주시 덕진구,전미동2가
전라북도,정읍시,정우면
전라북도,익산시,정족동
전라북도,진안군,정천면
전라북도,김제시,제월동
전라북도,남원시,조산동
전라북도,군산시,조촌동
전라북도,부안군,주산면
전라북도,남원시,주생면
전라북도,남원시,주천면
전라북도,진안군,주천면
전라북도,익산시,주현동
전라북도,김제시,죽산면
전라북도,군산시,죽성동
전라북도,남원시,죽항동
전라북도,부안군,줄포면
전라북도,전주시 완산구,중노송동
전라북도,군산시,중동
전라북도,전주시 덕진구,중동
전라북도,익산시,중앙동1가
전라북도,전주시 완산구,중앙동1가
전라북도,익산시,중앙동2가
전라북도,전주시 완산구,중앙동2가
전라북도,익산시,중앙동3가
전라북도,전주시 완산구,중앙동3가
전라북도,전주시 완산구,중앙동4가
전라북도,군산시,중앙로1가
전라북도,군산시,중앙로2가
전라북도,군산시,중앙로3가
전라북도,전주시 완산구,중인동
전라북도,전주시 완산구,중화산동1가
전라북도,전주시 완산구,중화산동2가
전라북도,군산시,지곡동
전라북도,임실군,지사면
전라북도,김제시,진봉면
전라북도,전주시 덕진구,진북동
전라북도,정읍시,진산동
전라북도,부안군,진서면
전라북도,진안군,진안읍
전라북도,군산시,창성동
전라북도,익산시,창인동1가
전라북도,익산시,창인동2가
전라북도,남원시,천거동
전라북도,장수군,천천면
전라북도,임실군,청웅면
전라북도,김제시,청하면
전라북도,익산시,춘포면
전라북도,정읍시,칠보면
전라북도,정읍시,태인면
전라북도,전주시 완산구,태평동
전라북도,순창군,팔덕면
전라북도,전주시 덕진구,팔복동1가
전라북도,전주시 덕진구,팔복동2가
전라북도,전주시 덕진구,팔복동3가
전라북도,전주시 덕진구,팔복동4가
전라북도,익산시,팔봉동
전라북도,군산시,평화동
전라북도,익산시,평화동
전라북도,전주시 완산구,평화동1가
전라북도,전주시 완산구,평화동2가
전라북도,전주시 완산구,평화동3가
전라북도,전주시 완산구,풍남동1가
전라북도,전주시 완산구,풍남동2가
전라북도,전주시 완산구,풍남동3가
전라북도,순창군,풍산면
전라북도,김제시,하동
전라북도,정읍시,하모동
전라북도,정읍시,하북동
전라북도,부안군,하서면
전라북도,남원시,하정동
전라북도,익산시,함라면
전라북도,익산시,함열읍
전라북도,고창군,해리면
전라북도,군산시,해망동
전라북도,부안군,행안면
전라북도,남원시,향교동
전라북도,익산시,현영동
전라북도,전주시 덕진구,호성동1가
전라북도,전주시 덕진구,호성동2가
전라북도,전주시 덕진구,호성동3가
전라북도,완주군,화산면
전라북도,전주시 덕진구,화전동
전라북도,남원시,화정동
전라북도,익산시,황등면
전라북도,김제시,황산동
전라북도,김제시,황산면
전라북도,군산시,회현면
전라북도,전주시 완산구,효자동1가
전라북도,전주시 완산구,효자동2가
전라북도,전주시 완산구,효자동3가
전라북도,정읍시,흑암동
전라북도,고창군,흥덕면
전라북도,김제시,흥사동
제주특별자치도,서귀포시,강정동
제주특별자치도,제주시,건입동
제주특별자치도,제주시,구좌읍
제주특별자치도,서귀포시,남원읍
제주특별자치도,제주시,내도동
제주특별자치도,제주시,노형동
제주특별자치도,서귀포시,대정읍
제주특별자치도,서귀포시,대포동
제주특별자치도,제주시,도남동
제주특별자치도,제주시,도두이동
제주특별자치도,제주시,도두일동
제주특별자치도,제주시,도련이동
제주특별자치도,제주시,도련일동
제주특별자치도,서귀포시,도순동
제주특별자치도,제주시,도평동
제주특별자치도,서귀포시,동홍동
제주특별자치도,서귀포시,법환동
제주특별자치도,서귀포시,보목동
제주특별자치도,제주시,봉개동
제주특별자치도,제주시,삼도이동
제주특별자치도,제주시,삼도일동
제주특별자치도,제주시,삼양삼동
제주특별자치도,제주시,삼양이동
제주특별자치도,제주시,삼양일동
제주특별자치도,서귀포시,상예동
제주특별자치도,서귀포시,상효동
제주특별자치도,서귀포시,색달동
제주특별자치도,서귀포시,서귀동
제주특별자치도,서귀포시,서호동
제주특별자치도,서귀포시,서홍동
제주특별자치도,서귀포시,성산읍
제주특별자치도,서귀포시,신효동
제주특별자치도,제주시,아라이동
제주특별자치도,제주시,아라일동
제주특별자치도,서귀포시,안덕면
제주특별자치도,제주시,애월읍
제주특별자치도,제주시,연동
제주특별자치도,서귀포시,영남동
제주특별자치도,제주시,영평동
제주특별자치도,제주시,오등동
제주특별자치도,제주시,오라삼동
제주특별자치도,제주시,오라이동
제주특별자치도,제주시,오라일동
제주특별자치도,제주시,외도이동
제주특별자치도,제주시,외도일동
제주특별자치도,제주시,용강동
제주특별자치도,제주시,용담삼동
제주특별자치도,제주시,용담이동
제주특별자치도,제주시,용담일동
제주특별자치도,제주시,우도면
제주특별자치도,서귀포시,월평동
제주특별자치도,제주시,월평동
제주특별자치도,제주시,이도이동
제주특별자치도,제주시,이도일동
제주특별자치도,제주시,이호이동
제주특별자치도,제주시,이호일동
제주특별자치도,제주시,일도이동
제주특별자치도,제주시,일도일동
제주특별자치도,제주시,조천읍
제주특별자치도,서귀포시,중문동
제주특별자치도,제주시,추자면
제주특별자치도,서귀포시,토평동
제주특별자치도,서귀포시,표선면
제주특별자치도,서귀포시,하예동
제주특별자치도,서귀포시,하원동
제주특별자치도,서귀포시,하효동
제주특별자치도,제주시,한경면
제주특별자치도,제주시,한림읍
제주특별자치도,제주시,해안동
제주특별자치도,서귀포시,호근동
제주특별자치도,제주시,화북이동
제주특별자치도,제주시,화북일동
제주특별자치도,서귀포시,회수동
제주특별자치도,제주시,회천동
충청남도,논산시,가야곡면
충청남도,서산시,갈산동
충청남도,홍성군,갈산면
충청남도,논산시,강경읍
충청남도,논산시,강산동
충청남도,공주시,검상동
충청남도,홍성군,결성면
충청남도,공주시,계룡면
충청남도,태안군,고남면
충청남도,당진시,고대면
충청남도,예산군,고덕면
충청남도,서산시,고북면
충청남도,논산시,관촉동
충청남도,천안시 동남구,광덕면
충청남도,논산시,광석면
충청남도,예산군,광시면
충청남도,홍성군,광천읍
충청남도,공주시,교동
충청남도,당진시,구룡동
충청남도,천안시 동남구,구룡동
충청남도,부여군,구룡면
충청남도,천안시 동남구,구성동
충청남도,홍성군,구항면
충청남도,금산군,군북면
충청남도,보령시,궁촌동
충청남도,아산시,권곡동
충청남도,부여군,규암면
충청남도,태안군,근흥면
충청남도,홍성군,금마면
충청남도,금산군,금산읍
충청남도,공주시,금성동
충청남도,금산군,금성면
충청남도,계룡시,금암동
충청남도,공주시,금학동
충청남도,공주시,금흥동
충청남도,아산시,기산동
충청남도,서천군,기산면
충청남도,보령시,남곡동
충청남도,아산시,남동
충청남도,부여군,남면
충청남도,태안군,남면
충청남도,청양군,남양면
충청남도,금산군,남이면
충청남도,금산군,남일면
충청남도,보령시,남포면
충청남도,논산시,내동
충청남도,부여군,내산면
충청남도,보령시,내항동
충청남도,논산시,노성면
충청남도,천안시 동남구,다가동
충청남도,논산시,대교동
충청남도,당진시,대덕동
충청남도,서산시,대산읍
충청남도,예산군,대술면
충청남도,보령시,대천동
충청남도,청양군,대치면
충청남도,당진시,대호지면
충청남도,천안시 동남구,대흥동
충청남도,예산군,대흥면
충청남도,예산군,덕산면
충청남도,논산시,덕지동
충청남도,서산시,덕지천동
충청남도,아산시,도고면
충청남도,보령시,동대동
충청남도,천안시 동남구,동면
충청남도,서산시,동문동
충청남도,공주시,동현동
충청남도,계룡시,두마면
충청남도,천안시 서북구,두정동
충청남도,아산시,둔포면
충청남도,아산시,득산동
충청남도,논산시,등화동
충청남도,서천군,마산면
충청남도,서천군,마서면
충청남도,당진시,면천면
충청남도,보령시,명천동
충청남도,아산시,모종동
충청남도,청양군,목면
충청남도,천안시 동남구,목천읍
충청남도,공주시,무릉동
충청남도,서천군,문산면
충청남도,천안시 동남구,문화동
충청남도,보령시,미산면
충청남도,논산시,반월동
충청남도,공주시,반죽동
충청남도,공주시,반포면
충청남도,아산시,방축동
충청남도,아산시,배미동
충청남도,아산시,배방읍
충청남도,천안시 서북구,백석동
충청남도,논산시,벌곡면
충청남도,아산시,법곡동
충청남도,천안시 동남구,병천면
충청남도,금산군,복수면
충청남도,천안시 동남구,봉명동
충청남도,예산군,봉산면
충청남도,공주시,봉정동
충청남도,공주시,봉황동
충청남도,천안시 서북구,부대동
충청남도,금산군,부리면
충청남도,서산시,부석면
충청남도,부여군,부여읍
충청남도,논산시,부적면
충청남도,논산시,부창동
충청남도,천안시 동남구,북면
충청남도,천안시 서북구,불당동
충청남도,청양군,비봉면
충청남도,서천군,비인면
충청남도,공주시,사곡면
충청남도,당진시,사기소동
충청남도,천안시 동남구,사직동
충청남도,공주시,산성동
충청남도,천안시 동남구,삼룡동
충청남도,예산군,삽교읍
충청남도,공주시,상왕동
충청남도,논산시,상월면
충청남도,서천군,서면
충청남도,홍성군,서부면
충청남도,서천군,서천읍
충청남도,서산시,석남동
충청남도,서산시,석림동
충청남도,당진시,석문면
충청남도,부여군,석성면
충청남도,공주시,석장리동
충청남도,아산시,선장면
충청남도,천안시 서북구,성거읍
충청남도,천안시 동남구,성남면
충청남도,논산시,성동면
충청남도,천안시 서북구,성성동
충청남도,서산시,성연면
충청남도,천안시 서북구,성정동
충청남도,보령시,성주면
충청남도,천안시 서북구,성환읍
충청남도,천안시 동남구,성황동
충청남도,부여군,세도면
충청남도,태안군,소원면
충청남도,공주시,소학동
충청남도,당진시,송산면
충청남도,공주시,송선동
충청남도,아산시,송악면
충청남도,당진시,송악읍
충청남도,서산시,수석동
충청남도,천안시 동남구,수신면
충청남도,당진시,수청동
충청남도,당진시,순성면
충청남도,당진시,시곡동
충청남도,서천군,시초면
충청남도,공주시,신관동
충청남도,공주시,신기동
충청남도,천안시 서북구,신당동
충청남도,계룡시,신도안면
충청남도,아산시,신동
충청남도,천안시 동남구,신방동
충청남도,천안시 동남구,신부동
충청남도,예산군,신암면
충청남도,예산군,신양면
충청남도,아산시,신인동
충청남도,아산시,신창면
충청남도,당진시,신평면
충청남도,공주시,신풍면
충청남도,보령시,신흑동
충청남도,아산시,실옥동
충청남도,공주시,쌍신동
충청남도,천안시 동남구,쌍용동
충청남도,천안시 서북구,쌍용동
충청남도,태안군,안면읍
충청남도,천안시 동남구,안서동
충청남도,서산시,양대동
충청남도,논산시,양촌면
충청남도,부여군,양화면
충청남도,계룡시,엄사면
충청남도,천안시 서북구,업성동
충청남도,논산시,연무읍
충청남도,논산시,연산면
충청남도,아산시,염치읍
충청남도,천안시 동남구,영성동
충청남도,아산시,영인면
충청남도,예산군,예산읍
충청남도,서산시,예천동
충청남도,예산군,오가면
충청남도,공주시,오곡동
충청남도,서산시,오남동
충청남도,천안시 동남구,오룡동
충청남도,보령시,오천면
충청남도,공주시,옥룡동
충청남도,부여군,옥산면
충청남도,서산시,온석동
충청남도,아산시,온천동
충청남도,천안시 서북구,와촌동
충청남도,부여군,외산면
충청남도,보령시,요암동
충청남도,천안시 동남구,용곡동
충청남도,당진시,용연동
충청남도,아산시,용화동
충청남도,당진시,우강면
충청남도,당진시,우두동
충청남도,공주시,우성면
충청남도,청양군,운곡면
충청남도,서산시,운산면
충청남도,공주시,웅진동
충청남도,보령시,웅천읍
충청남도,당진시,원당동
충청남도,태안군,원북면
충청남도,천안시 동남구,원성동
충청남도,공주시,월미동
충청남도,공주시,월송동
충청남도,공주시,유구읍
충청남도,천안시 동남구,유량동
충청남도,부여군,은산면
충청남도,논산시,은진면
충청남도,홍성군,은하면
충청남도,아산시,음봉면
충청남도,서산시,음암면
충청남도,당진시,읍내동
충청남도,서산시,읍내동
충청남도,아산시,읍내동
충청남도,예산군,응봉면
충청남도,공주시,의당면
충청남도,태안군,이원면
충청남도,공주시,이인면
충청남도,아산시,인주면
충청남도,서산시,인지면
충청남도,부여군,임천면
충청남도,천안시 서북구,입장면
충청남도,서산시,잠홍동
충청남도,홍성군,장곡면
충청남도,서산시,장동
충청남도,부여군,장암면
충청남도,아산시,장존동
충청남도,청양군,장평면
충청남도,서천군,장항읍
충청남도,아산시,점양동
충청남도,당진시,정미면
충청남도,청양군,정산면
충청남도,공주시,정안면
충청남도,금산군,제원면
충청남도,서천군,종천면
충청남도,아산시,좌부동
충청남도,보령시,주교면
충청남도,공주시,주미동
충청남도,보령시,주산면
충청남도,보령시,주포면
충청남도,서산시,죽성동
충청남도,보령시,죽정동
충청남도,공주시,중동
충청남도,공주시,중학동
충청남도,서산시,지곡면
충청남도,논산시,지산동
충청남도,천안시 서북구,직산읍
충청남도,금산군,진산면
충청남도,천안시 서북구,차암동
충청남도,당진시,채운동
충청남도,논산시,채운면
충청남도,보령시,천북면
충청남도,청양군,청남면
충청남도,천안시 동남구,청당동
충청남도,보령시,청라면
충청남도,보령시,청소면
충청남도,천안시 동남구,청수동
충청남도,청양군,청양읍
충청남도,아산시,초사동
충청남도,부여군,초촌면
충청남도,금산군,추부면
충청남도,부여군,충화면
충청남도,논산시,취암동
충청남도,공주시,탄천면
충청남도,아산시,탕정면
충청남도,공주시,태봉동
충청남도,태안군,태안읍
충청남도,서천군,판교면
충청남도,서산시,팔봉면
충청남도,아산시,풍기동
충청남도,천안시 동남구,풍세면
충청남도,서천군,한산면
충청남도,당진시,합덕읍
충청남도,서산시,해미면
충청남도,당진시,행정동
충청남도,홍성군,홍동면
충청남도,홍성군,홍북읍
충청남도,부여군,홍산면
충청남도,홍성군,홍성읍
충청남도,보령시,화산동
충청남도,청양군,화성면
충청남도,서천군,화양면
충청남도,논산시,화지동
충청북도,청주시 흥덕구,가경동
충청북도,단양군,가곡면
충청북도,청주시 상당구,가덕면
충청북도,충주시,가주동
충청북도,음성군,감곡면
충청북도,괴산군,감물면
충청북도,청주시 흥덕구,강내면
충청북도,청주시 흥덕구,강서동
충청북도,제천시,강제동
충청북도,청주시 서원구,개신동
충청북도,제천시,고명동
충청북도,제천시,고암동
충청북도,진천군,광혜원면
충청북도,괴산군,괴산읍
충청북도,제천시,교동
충청북도,충주시,교현동
충청북도,옥천군,군북면
충청북도,옥천군,군서면
충청북도,충주시,금가면
충청북도,충주시,금릉동
충청북도,제천시,금성면
충청북도,음성군,금왕읍
충청북도,청주시 상당구,금천동
충청북도,청주시 상당구,남문로1가
충청북도,청주시 상당구,남문로2가
충청북도,청주시 서원구,남이면
충청북도,청주시 상당구,남일면
충청북도,청주시 상당구,남주동
충청북도,제천시,남천동
충청북도,청주시 흥덕구,남촌동
충청북도,청주시 상당구,낭성면
충청북도,청주시 흥덕구,내곡동
충청북도,청주시 청원구,내덕동
충청북도,보은군,내북면
충청북도,청주시 청원구,내수읍
충청북도,충주시,노은면
충청북도,단양군,단성면
충청북도,단양군,단양읍
충청북도,충주시,단월동
충청북도,충주시,달천동
충청북도,단양군,대강면
충청북도,제천시,대랑동
충청북도,청주시 상당구,대성동
충청북도,음성군,대소면
충청북도,충주시,대소원면
충청북도,제천시,덕산면
충청북도,진천군,덕산면
충청북도,진천군,덕산읍
충청북도,증평군,도안면
충청북도,충주시,동량면
충청북도,청주시 흥덕구,동막동
충청북도,옥천군,동이면
충청북도,제천시,동현동
충청북도,제천시,두학동
충청북도,보은군,마로면
충청북도,영동군,매곡면
충청북도,단양군,매포읍
충청북도,음성군,맹동면
충청북도,제천시,명동
충청북도,청주시 상당구,명암동
충청북도,제천시,명지동
충청북도,제천시,모산동
충청북도,청주시 서원구,모충동
충청북도,충주시,목벌동
충청북도,충주시,목행동
충청북도,괴산군,문광면
충청북도,진천군,문백면
충청북도,청주시 흥덕구,문암동
충청북도,청주시 상당구,문의면
충청북도,청주시 상당구,문화동
충청북도,충주시,문화동
충청북도,청주시 상당구,미원면
충청북도,청주시 서원구,미평동
충청북도,청주시 상당구,방서동
충청북도,진천군,백곡면
충청북도,제천시,백운면
충청북도,보은군,보은읍
충청북도,청주시 흥덕구,복대동
충청북도,청주시 흥덕구,봉명동
충청북도,충주시,봉방동
충청북도,제천시,봉양읍
충청북도,청주시 상당구,북문로1가
충청북도,청주시 상당구,북문로2가
충청북도,청주시 상당구,북문로3가
충청북도,청주시 청원구,북이면
충청북도,청주시 서원구,분평동
충청북도,괴산군,불정면
충청북도,청주시 흥덕구,비하동
충청북도,괴산군,사리면
충청북도,청주시 서원구,사직동
충청북도,청주시 서원구,사창동
충청북도,청주시 청원구,사천동
충청북도,제천시,산곡동
충청북도,청주시 서원구,산남동
충청북도,청주시 상당구,산성동
충청북도,보은군,산외면
충청북도,충주시,산척면
충청북도,충주시,살미면
충청북도,음성군,삼성면
충청북도,보은군,삼승면
충청북도,청주시 흥덕구,상신동
충청북도,영동군,상촌면
충청북도,음성군,생극면
충청북도,청주시 상당구,서문동
충청북도,제천시,서부동
충청북도,청주시 상당구,서운동
충청북도,청주시 흥덕구,서촌동
충청북도,청주시 흥덕구,석곡동
충청북도,청주시 상당구,석교동
충청북도,청주시 흥덕구,석소동
충청북도,충주시,성남동
충청북도,충주시,성내동
충청북도,충주시,성서동
충청북도,청주시 서원구,성화동
충청북도,괴산군,소수면
충청북도,음성군,소이면
충청북도,충주시,소태면
충청북도,보은군,속리산면
충청북도,청주시 흥덕구,송절동
충청북도,청주시 흥덕구,송정동
충청북도,제천시,송학면
충청북도,청주시 서원구,수곡동
충청북도,청주시 상당구,수동
충청북도,제천시,수산면
충청북도,충주시,수안보면
충청북도,청주시 흥덕구,수의동
충청북도,보은군,수한면
충청북도,충주시,신니면
충청북도,청주시 흥덕구,신대동
충청북도,제천시,신동
충청북도,제천시,신백동
충청북도,청주시 흥덕구,신봉동
충청북도,청주시 흥덕구,신성동
충청북도,제천시,신월동
충청북도,청주시 흥덕구,신전동
충청북도,청주시 흥덕구,신촌동
충청북도,영동군,심천면
충청북도,옥천군,안남면
충청북도,옥천군,안내면
충청북도,충주시,안림동
충청북도,충주시,앙성면
충청북도,영동군,양강면
충청북도,영동군,양산면
충청북도,단양군,어상천면
충청북도,충주시,엄정면
충청북도,충주시,연수동
충청북도,괴산군,연풍면
충청북도,청주시 상당구,영동
충청북도,영동군,영동읍
충청북도,청주시 상당구,영운동
충청북도,제천시,영천동
충청북도,단양군,영춘면
충청북도,청주시 청원구,오동동
충청북도,청주시 흥덕구,오송읍
충청북도,청주시 청원구,오창읍
충청북도,청주시 흥덕구,옥산면
충청북도,옥천군,옥천읍
충청북도,제천시,왕암동
충청북도,청주시 청원구,외남동
충청북도,청주시 흥덕구,외북동
충청북도,청주시 청원구,외평동
충청북도,청주시 청원구,외하동
충청북도,충주시,용관동
충청북도,청주시 상당구,용담동
충청북도,충주시,용두동
충청북도,충주시,용산동
충청북도,영동군,용산면
충청북도,청주시 상당구,용암동
충청북도,청주시 상당구,용정동
충청북도,충주시,용탄동
충청북도,영동군,용화면
충청북도,청주시 청원구,우암동
충청북도,청주시 상당구,운동동
충청북도,청주시 흥덕구,운천동
충청북도,음성군,원남면
충청북도,청주시 흥덕구,원평동
충청북도,청주시 상당구,월오동
충청북도,청주시 청원구,율량동
충청북도,음성군,음성읍
충청북도,제천시,의림동
충청북도,옥천군,이원면
충청북도,진천군,이월면
충청북도,제천시,자작동
충청북도,제천시,장락동
충청북도,청주시 서원구,장성동
충청북도,보은군,장안면
충청북도,청주시 서원구,장암동
충청북도,괴산군,장연면
충청북도,단양군,적성면
충청북도,청주시 흥덕구,정봉동
충청북도,청주시 청원구,정북동
충청북도,청주시 청원구,정상동
충청북도,청주시 청원구,정하동
충청북도,충주시,종민동
충청북도,충주시,주덕읍
충청북도,청주시 청원구,주성동
충청북도,청주시 청원구,주중동
충청북도,청주시 서원구,죽림동
충청북도,제천시,중앙로1가
충청북도,제천시,중앙로2가
충청북도,충주시,중앙탑면
충청북도,증평군,증평읍
충청북도,청주시 흥덕구,지동동
충청북도,청주시 상당구,지북동
충청북도,충주시,지현동
충청북도,충주시,직동
충청북도,진천군,진천읍
충청북도,제천시,천남동
충청북도,옥천군,청산면
충청북도,옥천군,청성면
충청북도,괴산군,청안면
충청북도,제천시,청전동
충청북도,괴산군,청천면
충청북도,제천시,청풍면
충청북도,진천군,초평면
충청북도,영동군,추풍령면
충청북도,충주시,충의동
충청북도,충주시,충인동
충청북도,충주시,칠금동
충청북도,괴산군,칠성면
충청북도,보은군,탄부면
충청북도,청주시 상당구,탑동
충청북도,청주시 흥덕구,평동
충청북도,청주시 상당구,평촌동
충청북도,충주시,풍동
충청북도,제천시,하소동
충청북도,영동군,학산면
충청북도,제천시,한수면
충청북도,청주시 흥덕구,향정동
충청북도,청주시 서원구,현도면
충청북도,청주시 흥덕구,현암동
충청북도,충주시,호암동
충청북도,청주시 흥덕구,화계동
충청북도,제천시,화산동
충청북도,영동군,황간면
충청북도,보은군,회남면
충청북도,보은군,회인면
충청북도,청주시 흥덕구,휴암동
충청북도,제천시,흑석동
